IDuser,regionUser,cityUser,postCodeUser,streetUser,numApartUser
954205,"""""Zachodniopomorskie""""","""Koszalin""",11378,"""Słowackiego""",42
726818,"""Warmiańsko-mazurskie""","""Olsztyn""",77904,"""Mickiewicza""",22
256023,"""Zachodniopomorskie""","""Stargard""",11722,"""Nowa""",69
488254,"""Dolnośląskie""","""Wałbrzych""",90274,"""Szeroka""",1
786634,"""Śląskie""","""Rybnik""",10541,"""Piłsudskiego""",16
168170,"""Wielkopolskie""","""Konin""",91316,"""Rejtana""",98
187766,"""Dolnośląskie""","""Lubin""",13090,"""Piłsudskiego""",16
121714,"""Mazowieckie""","""Ciechanów""",10451,"""Gdańska""",52
156101,"""Zachodniopomorskie""","""Świnoujście""",11566,"""Wrocławska""",34
559629,"""Opolskie""","""Opole""",11104,"""Słowackiego""",42
612948,"""Mazowieckie""","""Tomaszów Mazowiecki""",77016,"""Krótka""",17
642811,"""Śląskie""","""Dąbrowa Górnicza""",94603,"""Nowa""",69
300117,"""Pomorskie""","""Gdynia""",11550,"""Słowackiego""",42
711471,"""Kujawsko-Pomorskie""","""Włocławek""",11731,"""Słowackiego""",42
614186,"""Kujawsko-Pomorskie""","""Włocławek""",11731,"""Długa""",82
482654,"""Podlaskie""","""Suwałki""",14120,"""Ogrodowa""",33
483819,"""Dolnośląskie""","""Wrocław""",11553,"""Leśna""",61
792311,"""Śląskie""","""Siemianowice Śląskie""",11369,"""Zielona""",21
298657,"""Dolnośląskie""","""Wrocław""",11553,"""Gdańska""",52
599425,"""Małopolskie""","""Olkusz""",75115,"""Nowa""",69
940072,"""Lubelskie""","""Lublin""",11050,"""Leśna""",61
288281,"""Kujawsko-Pomorskie""","""Włocławek""",11731,"""Szeroka""",1
762674,"""Mazowieckie""","""Tomaszów Mazowiecki""",77016,"""Wrocławska""",34
161468,"""Śląskie""","""Zabrze""",77478,"""Główna""",35
453145,"""Podlaskie""","""Białystok""",10952,"""Słowackiego""",42
482429,"""Łodzkie""","""Kutno""",95820,"""Nowa""",69
809458,"""Śląskie""","""Rybnik""",10541,"""Kościuszki""",94
180098,"""Dolnośląskie""","""Wałbrzych""",90274,"""Kościuszki""",94
271206,"""Śląskie""","""Jaworzno""",11418,"""Wrocławska""",34
360304,"""Mazowieckie""","""Otwock""",13501,"""Kopernika""",46
566459,"""Śląskie""","""Ruda Śląska""",11561,"""Nowa""",69
799374,"""Kujawsko-Pomorskie""","""Włocławek""",11731,"""Ogrodowa""",33
923995,"""Zachodniopomorskie""","""Kołobrzeg""",91733,"""Słowackiego""",42
279125,"""Dolnośląskie""","""Jelenia Góra""",11714,"""Wrocławska""",34
588768,"""Wielkopolskie""","""Poznań""",95820,"""Zielona""",21
302861,"""Wielkopolskie""","""Konin""",91316,"""Słowackiego""",42
871285,"""Śląskie""","""Jastrzębie-Zdrój""",77016,"""Krakowska""",15
239981,"""Małopolskie""","""Olkusz""",75115,"""Krakowska""",15
140280,"""Podkarpackie""","""Rzeszów""",10583,"""Główna""",35
663106,"""Dolnośląskie""","""Wałbrzych""",90274,"""Długa""",82
930166,"""Śląskie""","""Bytom""",11423,"""Krakowska""",15
985073,"""Podlaskie""","""Łomża""",76901,"""Zielona""",21
733205,"""Podlaskie""","""Łomża""",76901,"""Mickiewicza""",22
955151,"""Mazowieckie""","""Płock""",92831,"""Główna""",35
852623,"""Mazowieckie""","""Ciechanów""",10451,"""Gdańska""",52
392633,"""Dolnośląskie""","""Wrocław""",11553,"""Główna""",35
777203,"""Śląskie""","""Katowice""",10950,"""Długa""",82
866115,"""Kujawsko-Pomorskie""","""Inowrocław""",14450,"""Główna""",35
728295,"""Podkarpackie""","""Rzeszów""",10583,"""Piłsudskiego""",16
177840,"""Wielkopolskie""","""Poznań""",95820,"""Leśna""",61
584145,"""Lubuskie""","""Gorzów Wielkopolski""",10541,"""Warszawska""",62
342812,"""Zachodniopomorskie""","""Stargard""",11722,"""Krótka""",17
718651,"""Podkarpackie""","""Mielec""",77478,"""Krótka""",17
739792,"""Zachodniopomorskie""","""Świnoujście""",11566,"""Krakowska""",15
214292,"""Śląskie""","""Siemianowice Śląskie""",11369,"""Nowa""",69
276101,"""Dolnośląskie""","""Świdnica""",13440,"""Zielona""",21
153484,"""Warmiańsko-mazurskie""","""Ełk""",11701,"""Zielona""",21
586779,"""Lubuskie""","""Gorzów Wielkopolski""",10541,"""Warszawska""",62
174644,"""Pomorskie""","""Gdańsk""",14450,"""Warszawska""",62
468313,"""Podlaskie""","""Białystok""",10952,"""Wrocławska""",34
569753,"""Śląskie""","""Zabrze""",77478,"""Długa""",82
261872,"""Zachodniopomorskie""","""Kołobrzeg""",91733,"""Kościuszki""",94
322734,"""Łodzkie""","""Kutno""",95820,"""Zielona""",21
541814,"""Mazowieckie""","""Ciechanów""",10451,"""Kościuszki""",94
680894,"""Mazowieckie""","""Otwock""",13501,"""Gdańska""",52
461369,"""Podlaskie""","""Łomża""",76901,"""Nowa""",69
332400,"""Kujawsko-Pomorskie""","""Włocławek""",11731,"""Nowa""",69
948305,"""Świętokrzyskie""","""Kielce""",14424,"""Stara""",38
417360,"""Małopolskie""","""Oświęcim""",75088,"""Warszawska""",62
800800,"""Dolnośląskie""","""Wałbrzych""",90274,"""Kościuszki""",94
980800,"""Mazowieckie""","""Tomaszów Mazowiecki""",77016,"""Warszawska""",62
613052,"""Podkarpackie""","""Przemyśl""",10451,"""Krakowska""",15
152829,"""Śląskie""","""Chorzów""",13090,"""Mickiewicza""",22
856986,"""Opolskie""","""Opole""",11104,"""Poznańska""",54
962863,"""Dolnośląskie""","""Wałbrzych""",90274,"""Piłsudskiego""",16
686880,"""Małopolskie""","""Oświęcim""",75088,"""Wrocławska""",34
888591,"""Śląskie""","""Jastrzębie-Zdrój""",77016,"""Zielona""",21
955214,"""Podkarpackie""","""Mielec""",77478,"""Mickiewicza""",22
779120,"""Kujawsko-Pomorskie""","""Toruń""",12901,"""Krótka""",17
964748,"""Śląskie""","""Zabrze""",77478,"""Wrocławska""",34
285359,"""Śląskie""","""Gliwice""",14127,"""Warszawska""",62
665949,"""Śląskie""","""Częstochowa""",75604,"""Krakowska""",15
792665,"""Śląskie""","""Bielsko-Biała""",11731,"""Szeroka""",1
479853,"""Podkarpackie""","""Mielec""",77478,"""Szeroka""",1
333039,"""Łodzkie""","""Kutno""",95820,"""Szeroka""",1
448356,"""Zachodniopomorskie""","""Koszalin""",11378,"""Główna""",35
758106,"""Dolnośląskie""","""Jelenia Góra""",11714,"""Długa""",82
484958,"""Zachodniopomorskie""","""Świnoujście""",11566,"""Krakowska""",15
309231,"""Łodzkie""","""Kutno""",95820,"""Ogrodowa""",33
842555,"""Podlaskie""","""Suwałki""",14120,"""Rejtana""",98
588185,"""Śląskie""","""Katowice""",10950,"""Nowa""",69
623060,"""Śląskie""","""Tychy""",10562,"""Krakowska""",15
785061,"""Świętokrzyskie""","""Starachowice""",11369,"""Piłsudskiego""",16
636936,"""Lubelskie""","""Chełm""",11369,"""Główna""",35
201185,"""Śląskie""","""Chorzów""",13090,"""Mickiewicza""",22
150466,"""Podlaskie""","""Łomża""",76901,"""Szeroka""",1
210839,"""Podlaskie""","""Białystok""",10952,"""Słowackiego""",42
406714,"""Podkarpackie""","""Rzeszów""",10583,"""Długa""",82
416497,"""Śląskie""","""Rybnik""",10541,"""Ogrodowa""",33
133366,"""Śląskie""","""Jaworzno""",11418,"""Szeroka""",1
619381,"""Mazowieckie""","""Ciechanów""",10451,"""Zielona""",21
736810,"""Śląskie""","""Częstochowa""",75604,"""Zielona""",21
985648,"""Małopolskie""","""Kraków""",95008,"""Zielona""",21
976296,"""Małopolskie""","""Nowy Sącz""",11003,"""Zielona""",21
911659,"""Wielkopolskie""","""Piła""",91740,"""Ogrodowa""",33
355963,"""Łodzkie""","""Kutno""",95820,"""Krótka""",17
650358,"""Warmiańsko-mazurskie""","""Ełk""",11701,"""Poznańska""",54
696560,"""Śląskie""","""Gliwice""",14127,"""Krakowska""",15
488290,"""Mazowieckie""","""Ostrołęka""",11566,"""Kościuszki""",94
449391,"""Podlaskie""","""Łomża""",76901,"""Słowackiego""",42
746165,"""Kujawsko-Pomorskie""","""Toruń""",12901,"""Piłsudskiego""",16
342546,"""Małopolskie""","""Oświęcim""",75088,"""Szeroka""",1
778997,"""Warmiańsko-mazurskie""","""Olsztyn""",77904,"""Wrocławska""",34
746966,"""Zachodniopomorskie""","""Szczecin""",14215,"""Główna""",35
673360,"""Kujawsko-Pomorskie""","""Włocławek""",11731,"""Mickiewicza""",22
995467,"""Mazowieckie""","""Tomaszów Mazowiecki""",77016,"""Warszawska""",62
110959,"""Zachodniopomorskie""","""Stargard""",11722,"""Leśna""",61
327805,"""Śląskie""","""Siemianowice Śląskie""",11369,"""Mickiewicza""",22
999347,"""Małopolskie""","""Kraków""",95008,"""Warszawska""",62
634641,"""Małopolskie""","""Kraków""",95008,"""Kopernika""",46
403553,"""Lubelskie""","""Zamość""",94070,"""Słowackiego""",42
816495,"""Podkarpackie""","""Rzeszów""",10583,"""Rejtana""",98
728274,"""Śląskie""","""Rybnik""",10541,"""Gdańska""",52
619480,"""Kujawsko-Pomorskie""","""Toruń""",12901,"""Nowa""",69
106482,"""Kujawsko-Pomorskie""","""Bydgoszcz""",11372,"""Poznańska""",54
759824,"""Śląskie""","""Bytom""",11423,"""Zielona""",21
240754,"""Łodzkie""","""Kutno""",95820,"""Warszawska""",62
451455,"""Śląskie""","""Tychy""",10562,"""Warszawska""",62
163330,"""Pomorskie""","""Gdańsk""",14450,"""Nowa""",69
442821,"""Wielkopolskie""","""Leszno""",11570,"""Mickiewicza""",22
580091,"""Dolnośląskie""","""Legnica""",14086,"""Piłsudskiego""",16
423672,"""Dolnośląskie""","""Legnica""",14086,"""Długa""",82
631661,"""Mazowieckie""","""Ostrołęka""",11566,"""Mickiewicza""",22
628226,"""Mazowieckie""","""Otwock""",13501,"""Wrocławska""",34
215885,"""Kujawsko-Pomorskie""","""Inowrocław""",14450,"""Długa""",82
984616,"""Dolnośląskie""","""Wałbrzych""",90274,"""Długa""",82
523665,"""Śląskie""","""Chorzów""",13090,"""Kościuszki""",94
315272,"""Dolnośląskie""","""Świdnica""",13440,"""Zielona""",21
353649,"""Małopolskie""","""Zakopane""",95677,"""Słowackiego""",42
372157,"""Podlaskie""","""Suwałki""",14120,"""Główna""",35
620902,"""Śląskie""","""Tychy""",10562,"""Krótka""",17
669535,"""Warmiańsko-mazurskie""","""Ełk""",11701,"""Ogrodowa""",33
963600,"""Opolskie""","""Opole""",11104,"""Poznańska""",54
987206,"""Wielkopolskie""","""Konin""",91316,"""Krótka""",17
117079,"""Dolnośląskie""","""Jelenia Góra""",11714,"""Leśna""",61
445220,"""Łodzkie""","""Kutno""",95820,"""Warszawska""",62
998322,"""Dolnośląskie""","""Świdnica""",13440,"""Wrocławska""",34
425597,"""Mazowieckie""","""Otwock""",13501,"""Zielona""",21
367639,"""Lubelskie""","""Zamość""",94070,"""Mickiewicza""",22
665714,"""Lubuskie""","""Gorzów Wielkopolski""",10541,"""Mickiewicza""",22
382127,"""Pomorskie""","""Słupsk""",12804,"""Długa""",82
401310,"""Pomorskie""","""Chojnice""",13090,"""Wrocławska""",34
632375,"""Dolnośląskie""","""Wrocław""",11553,"""Stara""",38
470549,"""Lubuskie""","""Gorzów Wielkopolski""",10541,"""Piłsudskiego""",16
818736,"""Mazowieckie""","""Otwock""",13501,"""Szeroka""",1
944261,"""Pomorskie""","""Gdańsk""",14450,"""Gdańska""",52
304792,"""Mazowieckie""","""Ostrołęka""",11566,"""Leśna""",61
307967,"""Mazowieckie""","""Ostrołęka""",11566,"""Kościuszki""",94
236233,"""Śląskie""","""Ruda Śląska""",11561,"""Główna""",35
933720,"""Pomorskie""","""Chojnice""",13090,"""Piłsudskiego""",16
513183,"""Lubelskie""","""Chełm""",11369,"""Główna""",35
267950,"""Wielkopolskie""","""Kalisz""",11102,"""Szeroka""",1
328934,"""Śląskie""","""Bytom""",11423,"""Nowa""",69
976405,"""Mazowieckie""","""Otwock""",13501,"""Szeroka""",1
332230,"""Łodzkie""","""Skierniewice""",75043,"""Szeroka""",1
652186,"""Podlaskie""","""Łomża""",76901,"""Kościuszki""",94
723885,"""Kujawsko-Pomorskie""","""Bydgoszcz""",11372,"""Słowackiego""",42
647788,"""Podkarpackie""","""Mielec""",77478,"""Ogrodowa""",33
176815,"""Podlaskie""","""Łomża""",76901,"""Kościuszki""",94
352643,"""Małopolskie""","""Olkusz""",75115,"""Zielona""",21
289439,"""Dolnośląskie""","""Świdnica""",13440,"""Ogrodowa""",33
662827,"""Śląskie""","""Katowice""",10950,"""Wrocławska""",34
845070,"""Pomorskie""","""Słupsk""",12804,"""Warszawska""",62
862582,"""Podlaskie""","""Łomża""",76901,"""Długa""",82
931688,"""Pomorskie""","""Chojnice""",13090,"""Długa""",82
305143,"""Podkarpackie""","""Przemyśl""",10451,"""Mickiewicza""",22
333337,"""Dolnośląskie""","""Wrocław""",11553,"""Gdańska""",52
104639,"""Śląskie""","""Chorzów""",13090,"""Krakowska""",15
985079,"""Zachodniopomorskie""","""Świnoujście""",11566,"""Piłsudskiego""",16
373465,"""Śląskie""","""Rybnik""",10541,"""Główna""",35
606684,"""Wielkopolskie""","""Kalisz""",11102,"""Długa""",82
570113,"""Zachodniopomorskie""","""Świnoujście""",11566,"""Kopernika""",46
701561,"""Małopolskie""","""Kraków""",95008,"""Krótka""",17
402747,"""Kujawsko-Pomorskie""","""Toruń""",12901,"""Rejtana""",98
152568,"""Mazowieckie""","""Radom""",75126,"""Kościuszki""",94
568553,"""Świętokrzyskie""","""Starachowice""",11369,"""Długa""",82
636896,"""Warmiańsko-mazurskie""","""Olsztyn""",77904,"""Leśna""",61
213107,"""Lubuskie""","""Zielona Góra""",95301,"""Piłsudskiego""",16
691816,"""Lubelskie""","""Lublin""",11050,"""Kopernika""",46
377631,"""Mazowieckie""","""Radom""",75126,"""Piłsudskiego""",16
822641,"""Śląskie""","""Rybnik""",10541,"""Długa""",82
670114,"""Kujawsko-Pomorskie""","""Toruń""",12901,"""Krakowska""",15
235992,"""Śląskie""","""Bytom""",11423,"""Słowackiego""",42
442379,"""Pomorskie""","""Chojnice""",13090,"""Piłsudskiego""",16
988179,"""Śląskie""","""Gliwice""",14127,"""Szeroka""",1
631950,"""Śląskie""","""Jastrzębie-Zdrój""",77016,"""Zielona""",21
699945,"""Dolnośląskie""","""Wrocław""",11553,"""Leśna""",61
653255,"""Śląskie""","""Bielsko-Biała""",11731,"""Gdańska""",52
290905,"""Zachodniopomorskie""","""Świnoujście""",11566,"""Krótka""",17
327045,"""Małopolskie""","""Zakopane""",95677,"""Długa""",82
766091,"""Małopolskie""","""Kraków""",95008,"""Główna""",35
748342,"""Małopolskie""","""Nowy Sącz""",11003,"""Rejtana""",98
122274,"""Śląskie""","""Ruda Śląska""",11561,"""Rejtana""",98
350264,"""Małopolskie""","""Tarnów""",13027,"""Słowackiego""",42
779884,"""Małopolskie""","""Tarnów""",13027,"""Gdańska""",52
418579,"""Małopolskie""","""Kraków""",95008,"""Zielona""",21
538399,"""Zachodniopomorskie""","""Koszalin""",11378,"""Krótka""",17
365956,"""Mazowieckie""","""Tomaszów Mazowiecki""",77016,"""Krakowska""",15
338945,"""Podlaskie""","""Suwałki""",14120,"""Stara""",38
713878,"""Wielkopolskie""","""Poznań""",95820,"""Warszawska""",62
604548,"""Podlaskie""","""Suwałki""",14120,"""Ogrodowa""",33
388330,"""Dolnośląskie""","""Legnica""",14086,"""Mickiewicza""",22
651581,"""Pomorskie""","""Gdańsk""",14450,"""Główna""",35
617106,"""Zachodniopomorskie""","""Koszalin""",11378,"""Słowackiego""",42
252769,"""Mazowieckie""","""Tomaszów Mazowiecki""",77016,"""Piłsudskiego""",16
456112,"""Zachodniopomorskie""","""Stargard""",11722,"""Leśna""",61
312821,"""Podlaskie""","""Suwałki""",14120,"""Krakowska""",15
630817,"""Małopolskie""","""Tarnów""",13027,"""Mickiewicza""",22
288004,"""Małopolskie""","""Zakopane""",95677,"""Krakowska""",15
274465,"""Zachodniopomorskie""","""Szczecin""",14215,"""Gdańska""",52
225445,"""Zachodniopomorskie""","""Kołobrzeg""",91733,"""Krótka""",17
694029,"""Lubuskie""","""Zielona Góra""",95301,"""Wrocławska""",34
763818,"""Mazowieckie""","""Płock""",92831,"""Kościuszki""",94
147644,"""Zachodniopomorskie""","""Kołobrzeg""",91733,"""Mickiewicza""",22
376332,"""Lubuskie""","""Zielona Góra""",95301,"""Gdańska""",52
897868,"""Zachodniopomorskie""","""Stargard""",11722,"""Warszawska""",62
700136,"""Małopolskie""","""Tarnów""",13027,"""Krótka""",17
485458,"""Śląskie""","""Sosnowiec""",10002,"""Warszawska""",62
325448,"""Śląskie""","""Rybnik""",10541,"""Mickiewicza""",22
878450,"""Lubelskie""","""Chełm""",11369,"""Krótka""",17
811599,"""Dolnośląskie""","""Legnica""",14086,"""Piłsudskiego""",16
373751,"""Podlaskie""","""Łomża""",76901,"""Słowackiego""",42
593842,"""Dolnośląskie""","""Wałbrzych""",90274,"""Krakowska""",15
868422,"""Wielkopolskie""","""Poznań""",95820,"""Krótka""",17
891600,"""Śląskie""","""Tychy""",10562,"""Słowackiego""",42
811111,"""Śląskie""","""Siemianowice Śląskie""",11369,"""Zielona""",21
281802,"""Lubelskie""","""Chełm""",11369,"""Rejtana""",98
669372,"""Śląskie""","""Tychy""",10562,"""Zielona""",21
449118,"""Śląskie""","""Katowice""",10950,"""Warszawska""",62
950977,"""Mazowieckie""","""Ciechanów""",10451,"""Długa""",82
615473,"""Kujawsko-Pomorskie""","""Toruń""",12901,"""Warszawska""",62
477876,"""Śląskie""","""Bytom""",11423,"""Szeroka""",1
949825,"""Warmiańsko-mazurskie""","""Elbląg""",90505,"""Mickiewicza""",22
808468,"""Zachodniopomorskie""","""Świnoujście""",11566,"""Główna""",35
519272,"""Łodzkie""","""Skierniewice""",75043,"""Gdańska""",52
225091,"""Podkarpackie""","""Mielec""",77478,"""Nowa""",69
278446,"""Lubelskie""","""Zamość""",94070,"""Warszawska""",62
885056,"""Mazowieckie""","""Tomaszów Mazowiecki""",77016,"""Mickiewicza""",22
682754,"""Warmiańsko-mazurskie""","""Elbląg""",90505,"""Piłsudskiego""",16
246471,"""Zachodniopomorskie""","""Szczecin""",14215,"""Gdańska""",52
586923,"""Podkarpackie""","""Rzeszów""",10583,"""Długa""",82
959184,"""Podlaskie""","""Suwałki""",14120,"""Kopernika""",46
749943,"""Zachodniopomorskie""","""Stargard""",11722,"""Krótka""",17
751387,"""Podlaskie""","""Łomża""",76901,"""Leśna""",61
565837,"""Opolskie""","""Opole""",11104,"""Poznańska""",54
957103,"""Małopolskie""","""Oświęcim""",75088,"""Wrocławska""",34
789150,"""Podlaskie""","""Suwałki""",14120,"""Mickiewicza""",22
424589,"""Kujawsko-Pomorskie""","""Toruń""",12901,"""Gdańska""",52
398985,"""Śląskie""","""Sosnowiec""",10002,"""Ogrodowa""",33
437532,"""Małopolskie""","""Olkusz""",75115,"""Ogrodowa""",33
487424,"""Małopolskie""","""Tarnów""",13027,"""Piłsudskiego""",16
972945,"""Śląskie""","""Katowice""",10950,"""Piłsudskiego""",16
568759,"""Wielkopolskie""","""Kalisz""",11102,"""Słowackiego""",42
523106,"""Świętokrzyskie""","""Kielce""",14424,"""Długa""",82
250949,"""Lubelskie""","""Chełm""",11369,"""Kościuszki""",94
145272,"""Pomorskie""","""Gdańsk""",14450,"""Krótka""",17
958982,"""Wielkopolskie""","""Leszno""",11570,"""Zielona""",21
796307,"""Pomorskie""","""Gdańsk""",14450,"""Leśna""",61
256762,"""Zachodniopomorskie""","""Stargard""",11722,"""Słowackiego""",42
953786,"""Pomorskie""","""Gdańsk""",14450,"""Ogrodowa""",33
922927,"""Śląskie""","""Bielsko-Biała""",11731,"""Stara""",38
535162,"""Warmiańsko-mazurskie""","""Elbląg""",90505,"""Leśna""",61
408849,"""Małopolskie""","""Nowy Sącz""",11003,"""Kościuszki""",94
614706,"""Wielkopolskie""","""Poznań""",95820,"""Słowackiego""",42
361178,"""Śląskie""","""Częstochowa""",75604,"""Główna""",35
448725,"""Wielkopolskie""","""Piła""",91740,"""Główna""",35
652370,"""Śląskie""","""Tychy""",10562,"""Leśna""",61
126729,"""Zachodniopomorskie""","""Szczecin""",14215,"""Długa""",82
704512,"""Warmiańsko-mazurskie""","""Ełk""",11701,"""Krótka""",17
643309,"""Pomorskie""","""Gdynia""",11550,"""Główna""",35
619724,"""Małopolskie""","""Zakopane""",95677,"""Wrocławska""",34
642005,"""Małopolskie""","""Tarnów""",13027,"""Piłsudskiego""",16
661872,"""Lubelskie""","""Lublin""",11050,"""Ogrodowa""",33
267358,"""Zachodniopomorskie""","""Szczecin""",14215,"""Kościuszki""",94
232498,"""Mazowieckie""","""Płock""",92831,"""Rejtana""",98
783595,"""Wielkopolskie""","""Kalisz""",11102,"""Długa""",82
896845,"""Warmiańsko-mazurskie""","""Ełk""",11701,"""Rejtana""",98
886463,"""Zachodniopomorskie""","""Szczecin""",14215,"""Nowa""",69
176551,"""Śląskie""","""Siemianowice Śląskie""",11369,"""Główna""",35
355302,"""Świętokrzyskie""","""Starachowice""",11369,"""Nowa""",69
352579,"""Śląskie""","""Bielsko-Biała""",11731,"""Słowackiego""",42
581190,"""Śląskie""","""Jaworzno""",11418,"""Szeroka""",1
472833,"""Śląskie""","""Jaworzno""",11418,"""Długa""",82
552053,"""Świętokrzyskie""","""Starachowice""",11369,"""Kościuszki""",94
506826,"""Podkarpackie""","""Mielec""",77478,"""Wrocławska""",34
836855,"""Kujawsko-Pomorskie""","""Bydgoszcz""",11372,"""Warszawska""",62
535074,"""Świętokrzyskie""","""Starachowice""",11369,"""Długa""",82
531111,"""Lubuskie""","""Zielona Góra""",95301,"""Warszawska""",62
215170,"""Podlaskie""","""Łomża""",76901,"""Stara""",38
792762,"""Dolnośląskie""","""Jelenia Góra""",11714,"""Długa""",82
202267,"""Kujawsko-Pomorskie""","""Bydgoszcz""",11372,"""Stara""",38
647380,"""Kujawsko-Pomorskie""","""Toruń""",12901,"""Warszawska""",62
853476,"""Dolnośląskie""","""Jelenia Góra""",11714,"""Krótka""",17
303745,"""Warmiańsko-mazurskie""","""Olsztyn""",77904,"""Rejtana""",98
536776,"""Pomorskie""","""Chojnice""",13090,"""Nowa""",69
525844,"""Zachodniopomorskie""","""Stargard""",11722,"""Kościuszki""",94
942401,"""Dolnośląskie""","""Wałbrzych""",90274,"""Poznańska""",54
160937,"""Zachodniopomorskie""","""Kołobrzeg""",91733,"""Ogrodowa""",33
109591,"""Śląskie""","""Tychy""",10562,"""Długa""",82
287848,"""Dolnośląskie""","""Wałbrzych""",90274,"""Słowackiego""",42
106135,"""Śląskie""","""Chorzów""",13090,"""Szeroka""",1
658178,"""Śląskie""","""Tychy""",10562,"""Warszawska""",62
160817,"""Kujawsko-Pomorskie""","""Inowrocław""",14450,"""Piłsudskiego""",16
710855,"""Wielkopolskie""","""Poznań""",95820,"""Mickiewicza""",22
913547,"""Małopolskie""","""Oświęcim""",75088,"""Piłsudskiego""",16
664818,"""Mazowieckie""","""Otwock""",13501,"""Zielona""",21
764655,"""Śląskie""","""Siemianowice Śląskie""",11369,"""Mickiewicza""",22
806720,"""Kujawsko-Pomorskie""","""Włocławek""",11731,"""Piłsudskiego""",16
853795,"""Podlaskie""","""Białystok""",10952,"""Krakowska""",15
767571,"""Wielkopolskie""","""Leszno""",11570,"""Kościuszki""",94
159922,"""Śląskie""","""Katowice""",10950,"""Piłsudskiego""",16
587307,"""Śląskie""","""Dąbrowa Górnicza""",94603,"""Zielona""",21
384942,"""Dolnośląskie""","""Legnica""",14086,"""Rejtana""",98
834241,"""Lubelskie""","""Lublin""",11050,"""Słowackiego""",42
884121,"""Wielkopolskie""","""Poznań""",95820,"""Wrocławska""",34
662248,"""Małopolskie""","""Oświęcim""",75088,"""Poznańska""",54
696047,"""Dolnośląskie""","""Lubin""",13090,"""Poznańska""",54
296646,"""Zachodniopomorskie""","""Świnoujście""",11566,"""Zielona""",21
926766,"""Śląskie""","""Rybnik""",10541,"""Piłsudskiego""",16
931693,"""Kujawsko-Pomorskie""","""Bydgoszcz""",11372,"""Kościuszki""",94
731544,"""Zachodniopomorskie""","""Świnoujście""",11566,"""Szeroka""",1
923907,"""Mazowieckie""","""Otwock""",13501,"""Rejtana""",98
458878,"""Lubuskie""","""Gorzów Wielkopolski""",10541,"""Kościuszki""",94
760356,"""Lubelskie""","""Lublin""",11050,"""Zielona""",21
479752,"""Podlaskie""","""Łomża""",76901,"""Krakowska""",15
799585,"""Dolnośląskie""","""Lubin""",13090,"""Kościuszki""",94
978963,"""Śląskie""","""Sosnowiec""",10002,"""Gdańska""",52
845694,"""Podkarpackie""","""Mielec""",77478,"""Warszawska""",62
154485,"""Warmiańsko-mazurskie""","""Elbląg""",90505,"""Zielona""",21
732558,"""Lubelskie""","""Lublin""",11050,"""Kościuszki""",94
851390,"""Śląskie""","""Zabrze""",77478,"""Ogrodowa""",33
316714,"""Małopolskie""","""Tarnów""",13027,"""Mickiewicza""",22
275487,"""Mazowieckie""","""Tomaszów Mazowiecki""",77016,"""Krótka""",17
301925,"""Lubuskie""","""Zielona Góra""",95301,"""Warszawska""",62
341185,"""Podkarpackie""","""Przemyśl""",10451,"""Krótka""",17
342654,"""Wielkopolskie""","""Piła""",91740,"""Słowackiego""",42
177153,"""Łodzkie""","""Kutno""",95820,"""Krakowska""",15
507705,"""Warmiańsko-mazurskie""","""Olsztyn""",77904,"""Słowackiego""",42
964864,"""Lubelskie""","""Zamość""",94070,"""Nowa""",69
498501,"""Śląskie""","""Tychy""",10562,"""Wrocławska""",34
171013,"""Śląskie""","""Sosnowiec""",10002,"""Gdańska""",52
689748,"""Małopolskie""","""Tarnów""",13027,"""Mickiewicza""",22
971522,"""Podkarpackie""","""Rzeszów""",10583,"""Słowackiego""",42
357517,"""Małopolskie""","""Oświęcim""",75088,"""Gdańska""",52
262632,"""Lubuskie""","""Gorzów Wielkopolski""",10541,"""Słowackiego""",42
535959,"""Kujawsko-Pomorskie""","""Grudziądz""",91316,"""Warszawska""",62
262632,"""Śląskie""","""Rybnik""",10541,"""Mickiewicza""",22
704577,"""Dolnośląskie""","""Legnica""",14086,"""Zielona""",21
166126,"""Wielkopolskie""","""Kalisz""",11102,"""Nowa""",69
821738,"""Śląskie""","""Siemianowice Śląskie""",11369,"""Szeroka""",1
462740,"""Pomorskie""","""Gdynia""",11550,"""Zielona""",21
332331,"""Warmiańsko-mazurskie""","""Olsztyn""",77904,"""Zielona""",21
955098,"""Kujawsko-Pomorskie""","""Grudziądz""",91316,"""Długa""",82
903264,"""Warmiańsko-mazurskie""","""Elbląg""",90505,"""Wrocławska""",34
168142,"""Śląskie""","""Chorzów""",13090,"""Krótka""",17
504971,"""Małopolskie""","""Zakopane""",95677,"""Poznańska""",54
176278,"""Małopolskie""","""Kraków""",95008,"""Szeroka""",1
167173,"""Podkarpackie""","""Mielec""",77478,"""Piłsudskiego""",16
161783,"""Lubuskie""","""Zielona Góra""",95301,"""Gdańska""",52
477417,"""Śląskie""","""Sosnowiec""",10002,"""Szeroka""",1
858701,"""Małopolskie""","""Zakopane""",95677,"""Leśna""",61
403105,"""Świętokrzyskie""","""Kielce""",14424,"""Mickiewicza""",22
136878,"""Kujawsko-Pomorskie""","""Włocławek""",11731,"""Szeroka""",1
895165,"""Dolnośląskie""","""Wrocław""",11553,"""Kościuszki""",94
982663,"""Podkarpackie""","""Przemyśl""",10451,"""Mickiewicza""",22
136364,"""Małopolskie""","""Zakopane""",95677,"""Wrocławska""",34
103047,"""Śląskie""","""Gliwice""",14127,"""Gdańska""",52
862168,"""Śląskie""","""Katowice""",10950,"""Zielona""",21
481781,"""Pomorskie""","""Chojnice""",13090,"""Główna""",35
739471,"""Warmiańsko-mazurskie""","""Elbląg""",90505,"""Mickiewicza""",22
161611,"""Lubelskie""","""Lublin""",11050,"""Nowa""",69
981863,"""Warmiańsko-mazurskie""","""Olsztyn""",77904,"""Poznańska""",54
205823,"""Wielkopolskie""","""Leszno""",11570,"""Warszawska""",62
731572,"""Wielkopolskie""","""Piła""",91740,"""Słowackiego""",42
405264,"""Zachodniopomorskie""","""Stargard""",11722,"""Nowa""",69
912525,"""Łódzkie""","""Łódź""",90278,"""Zielona""",21
405200,"""Dolnośląskie""","""Świdnica""",13440,"""Mickiewicza""",22
224408,"""Mazowieckie""","""Tomaszów Mazowiecki""",77016,"""Słowackiego""",42
100509,"""Łodzkie""","""Skierniewice""",75043,"""Kościuszki""",94
350285,"""Śląskie""","""Jastrzębie-Zdrój""",77016,"""Długa""",82
573632,"""Mazowieckie""","""Radom""",75126,"""Słowackiego""",42
101595,"""Zachodniopomorskie""","""Stargard""",11722,"""Warszawska""",62
745974,"""Śląskie""","""Jaworzno""",11418,"""Krakowska""",15
459956,"""Dolnośląskie""","""Jelenia Góra""",11714,"""Wrocławska""",34
361951,"""Świętokrzyskie""","""Kielce""",14424,"""Kościuszki""",94
704059,"""Zachodniopomorskie""","""Koszalin""",11378,"""Główna""",35
172666,"""Dolnośląskie""","""Wrocław""",11553,"""Krótka""",17
843072,"""Dolnośląskie""","""Wrocław""",11553,"""Kościuszki""",94
884792,"""Dolnośląskie""","""Lubin""",13090,"""Nowa""",69
823431,"""Śląskie""","""Bytom""",11423,"""Nowa""",69
498109,"""Śląskie""","""Katowice""",10950,"""Zielona""",21
631519,"""Dolnośląskie""","""Świdnica""",13440,"""Warszawska""",62
613868,"""Pomorskie""","""Chojnice""",13090,"""Nowa""",69
819390,"""Śląskie""","""Zabrze""",77478,"""Długa""",82
808500,"""Wielkopolskie""","""Piła""",91740,"""Główna""",35
897971,"""Łodzkie""","""Piotrków Trybunalski""",94580,"""Szeroka""",1
207692,"""Warmiańsko-mazurskie""","""Elbląg""",90505,"""Warszawska""",62
422115,"""Dolnośląskie""","""Wałbrzych""",90274,"""Słowackiego""",42
983975,"""Dolnośląskie""","""Jelenia Góra""",11714,"""Mickiewicza""",22
530450,"""Śląskie""","""Zabrze""",77478,"""Mickiewicza""",22
318395,"""Mazowieckie""","""Ostrołęka""",11566,"""Ogrodowa""",33
470922,"""Śląskie""","""Sosnowiec""",10002,"""Kopernika""",46
393037,"""Lubelskie""","""Lublin""",11050,"""Krótka""",17
620715,"""Warmiańsko-mazurskie""","""Ełk""",11701,"""Długa""",82
930768,"""Pomorskie""","""Słupsk""",12804,"""Ogrodowa""",33
599691,"""Małopolskie""","""Oświęcim""",75088,"""Stara""",38
896865,"""Kujawsko-Pomorskie""","""Grudziądz""",91316,"""Wrocławska""",34
507575,"""Małopolskie""","""Nowy Sącz""",11003,"""Wrocławska""",34
203655,"""Śląskie""","""Zabrze""",77478,"""Długa""",82
914374,"""Wielkopolskie""","""Poznań""",95820,"""Rejtana""",98
637203,"""Mazowieckie""","""Tomaszów Mazowiecki""",77016,"""Długa""",82
292481,"""Dolnośląskie""","""Wrocław""",11553,"""Ogrodowa""",33
938294,"""Śląskie""","""Ruda Śląska""",11561,"""Ogrodowa""",33
210813,"""Małopolskie""","""Tarnów""",13027,"""Gdańska""",52
942573,"""Kujawsko-Pomorskie""","""Inowrocław""",14450,"""Zielona""",21
869340,"""Podlaskie""","""Suwałki""",14120,"""Słowackiego""",42
496741,"""Lubelskie""","""Zamość""",94070,"""Piłsudskiego""",16
284463,"""Warmiańsko-mazurskie""","""Olsztyn""",77904,"""Wrocławska""",34
246771,"""Małopolskie""","""Tarnów""",13027,"""Warszawska""",62
346658,"""Dolnośląskie""","""Świdnica""",13440,"""Nowa""",69
294497,"""Podkarpackie""","""Rzeszów""",10583,"""Krakowska""",15
283710,"""Kujawsko-Pomorskie""","""Toruń""",12901,"""Szeroka""",1
162060,"""Podkarpackie""","""Mielec""",77478,"""Kopernika""",46
858061,"""Małopolskie""","""Kraków""",95008,"""Słowackiego""",42
304206,"""Zachodniopomorskie""","""Kołobrzeg""",91733,"""Leśna""",61
241519,"""Dolnośląskie""","""Świdnica""",13440,"""Mickiewicza""",22
123415,"""Śląskie""","""Bytom""",11423,"""Wrocławska""",34
257678,"""Podlaskie""","""Suwałki""",14120,"""Krakowska""",15
391517,"""Zachodniopomorskie""","""Szczecin""",14215,"""Krótka""",17
322112,"""Dolnośląskie""","""Jelenia Góra""",11714,"""Piłsudskiego""",16
229745,"""Mazowieckie""","""Ciechanów""",10451,"""Główna""",35
189476,"""Śląskie""","""Jaworzno""",11418,"""Zielona""",21
726357,"""Lubelskie""","""Zamość""",94070,"""Słowackiego""",42
148439,"""Lubelskie""","""Lublin""",11050,"""Krótka""",17
958813,"""Warmiańsko-mazurskie""","""Elbląg""",90505,"""Nowa""",69
335111,"""Warmiańsko-mazurskie""","""Elbląg""",90505,"""Słowackiego""",42
738901,"""Pomorskie""","""Słupsk""",12804,"""Gdańska""",52
777233,"""Mazowieckie""","""Tomaszów Mazowiecki""",77016,"""Wrocławska""",34
990401,"""Mazowieckie""","""Ostrołęka""",11566,"""Ogrodowa""",33
843378,"""Zachodniopomorskie""","""Stargard""",11722,"""Piłsudskiego""",16
168359,"""Dolnośląskie""","""Jelenia Góra""",11714,"""Zielona""",21
991376,"""Mazowieckie""","""Otwock""",13501,"""Zielona""",21
524462,"""Dolnośląskie""","""Jelenia Góra""",11714,"""Słowackiego""",42
225357,"""Małopolskie""","""Kraków""",95008,"""Piłsudskiego""",16
771268,"""Śląskie""","""Jastrzębie-Zdrój""",77016,"""Ogrodowa""",33
181925,"""Małopolskie""","""Olkusz""",75115,"""Zielona""",21
567245,"""Śląskie""","""Bytom""",11423,"""Krótka""",17
200848,"""Śląskie""","""Częstochowa""",75604,"""Gdańska""",52
570503,"""Warmiańsko-mazurskie""","""Elbląg""",90505,"""Kościuszki""",94
923952,"""Warmiańsko-mazurskie""","""Elbląg""",90505,"""Zielona""",21
522881,"""Mazowieckie""","""Płock""",92831,"""Główna""",35
118865,"""Świętokrzyskie""","""Kielce""",14424,"""Mickiewicza""",22
522392,"""Małopolskie""","""Oświęcim""",75088,"""Gdańska""",52
740611,"""Mazowieckie""","""Otwock""",13501,"""Piłsudskiego""",16
829261,"""Pomorskie""","""Gdynia""",11550,"""Zielona""",21
449105,"""Warmiańsko-mazurskie""","""Ełk""",11701,"""Krótka""",17
882778,"""Zachodniopomorskie""","""Kołobrzeg""",91733,"""Zielona""",21
888215,"""Śląskie""","""Katowice""",10950,"""Szeroka""",1
231340,"""Kujawsko-Pomorskie""","""Bydgoszcz""",11372,"""Główna""",35
174748,"""Warmiańsko-mazurskie""","""Elbląg""",90505,"""Gdańska""",52
274441,"""Śląskie""","""Częstochowa""",75604,"""Wrocławska""",34
587814,"""Dolnośląskie""","""Wałbrzych""",90274,"""Piłsudskiego""",16
715140,"""Pomorskie""","""Gdynia""",11550,"""Leśna""",61
439083,"""Śląskie""","""Chorzów""",13090,"""Poznańska""",54
174756,"""Śląskie""","""Siemianowice Śląskie""",11369,"""Zielona""",21
264731,"""Małopolskie""","""Olkusz""",75115,"""Warszawska""",62
646608,"""Zachodniopomorskie""","""Koszalin""",11378,"""Główna""",35
659250,"""Podlaskie""","""Suwałki""",14120,"""Wrocławska""",34
646410,"""Małopolskie""","""Oświęcim""",75088,"""Nowa""",69
289839,"""Mazowieckie""","""Radom""",75126,"""Nowa""",69
825055,"""Mazowieckie""","""Płock""",92831,"""Ogrodowa""",33
155535,"""Podlaskie""","""Suwałki""",14120,"""Leśna""",61
841994,"""Pomorskie""","""Chojnice""",13090,"""Leśna""",61
716110,"""Małopolskie""","""Nowy Sącz""",11003,"""Ogrodowa""",33
684932,"""Pomorskie""","""Chojnice""",13090,"""Leśna""",61
150672,"""Śląskie""","""Sosnowiec""",10002,"""Krakowska""",15
206228,"""Mazowieckie""","""Ciechanów""",10451,"""Ogrodowa""",33
384426,"""Dolnośląskie""","""Wrocław""",11553,"""Nowa""",69
179022,"""Mazowieckie""","""Ostrołęka""",11566,"""Słowackiego""",42
457828,"""Łodzkie""","""Piotrków Trybunalski""",94580,"""Krótka""",17
756738,"""Zachodniopomorskie""","""Koszalin""",11378,"""Długa""",82
787462,"""Świętokrzyskie""","""Starachowice""",11369,"""Gdańska""",52
276759,"""Dolnośląskie""","""Wałbrzych""",90274,"""Zielona""",21
741815,"""Pomorskie""","""Gdańsk""",14450,"""Słowackiego""",42
827499,"""Świętokrzyskie""","""Starachowice""",11369,"""Nowa""",69
209668,"""Podlaskie""","""Suwałki""",14120,"""Leśna""",61
154668,"""Dolnośląskie""","""Legnica""",14086,"""Mickiewicza""",22
394579,"""Lubelskie""","""Chełm""",11369,"""Zielona""",21
405386,"""Podlaskie""","""Suwałki""",14120,"""Wrocławska""",34
939307,"""Śląskie""","""Ruda Śląska""",11561,"""Długa""",82
486142,"""Śląskie""","""Częstochowa""",75604,"""Główna""",35
609304,"""Warmiańsko-mazurskie""","""Ełk""",11701,"""Warszawska""",62
371730,"""Zachodniopomorskie""","""Kołobrzeg""",91733,"""Główna""",35
700583,"""Śląskie""","""Chorzów""",13090,"""Szeroka""",1
155690,"""Małopolskie""","""Zakopane""",95677,"""Leśna""",61
223301,"""Kujawsko-Pomorskie""","""Grudziądz""",91316,"""Poznańska""",54
312644,"""Mazowieckie""","""Płock""",92831,"""Leśna""",61
998587,"""Śląskie""","""Chorzów""",13090,"""Gdańska""",52
606447,"""Wielkopolskie""","""Konin""",91316,"""Gdańska""",52
800419,"""Pomorskie""","""Gdynia""",11550,"""Długa""",82
543787,"""Pomorskie""","""Gdańsk""",14450,"""Piłsudskiego""",16
838611,"""Kujawsko-Pomorskie""","""Bydgoszcz""",11372,"""Główna""",35
331793,"""Małopolskie""","""Zakopane""",95677,"""Zielona""",21
123660,"""Śląskie""","""Bielsko-Biała""",11731,"""Kościuszki""",94
467855,"""Pomorskie""","""Słupsk""",12804,"""Piłsudskiego""",16
309212,"""Zachodniopomorskie""","""Koszalin""",11378,"""Główna""",35
865530,"""Dolnośląskie""","""Lubin""",13090,"""Nowa""",69
864752,"""Pomorskie""","""Gdańsk""",14450,"""Szeroka""",1
268295,"""Małopolskie""","""Oświęcim""",75088,"""Kościuszki""",94
504757,"""Lubelskie""","""Lublin""",11050,"""Leśna""",61
339934,"""Śląskie""","""Gliwice""",14127,"""Szeroka""",1
599747,"""Wielkopolskie""","""Kalisz""",11102,"""Piłsudskiego""",16
231958,"""Zachodniopomorskie""","""Stargard""",11722,"""Piłsudskiego""",16
815110,"""Kujawsko-Pomorskie""","""Bydgoszcz""",11372,"""Leśna""",61
950727,"""Śląskie""","""Bytom""",11423,"""Główna""",35
130410,"""Zachodniopomorskie""","""Szczecin""",14215,"""Ogrodowa""",33
734538,"""Mazowieckie""","""Tomaszów Mazowiecki""",77016,"""Długa""",82
384373,"""Pomorskie""","""Gdańsk""",14450,"""Słowackiego""",42
662753,"""Pomorskie""","""Gdańsk""",14450,"""Piłsudskiego""",16
999021,"""Warmiańsko-mazurskie""","""Ełk""",11701,"""Krakowska""",15
709308,"""Małopolskie""","""Oświęcim""",75088,"""Kościuszki""",94
993949,"""Wielkopolskie""","""Poznań""",95820,"""Gdańska""",52
950628,"""Dolnośląskie""","""Wałbrzych""",90274,"""Leśna""",61
362138,"""Warmiańsko-mazurskie""","""Olsztyn""",77904,"""Leśna""",61
422868,"""Śląskie""","""Częstochowa""",75604,"""Główna""",35
338868,"""Małopolskie""","""Zakopane""",95677,"""Kościuszki""",94
297739,"""Małopolskie""","""Tarnów""",13027,"""Wrocławska""",34
688788,"""Małopolskie""","""Zakopane""",95677,"""Piłsudskiego""",16
877441,"""Warmiańsko-mazurskie""","""Olsztyn""",77904,"""Ogrodowa""",33
895971,"""Dolnośląskie""","""Lubin""",13090,"""Mickiewicza""",22
247427,"""Podlaskie""","""Suwałki""",14120,"""Warszawska""",62
720318,"""Dolnośląskie""","""Wrocław""",11553,"""Nowa""",69
878942,"""Wielkopolskie""","""Leszno""",11570,"""Słowackiego""",42
378595,"""Kujawsko-Pomorskie""","""Włocławek""",11731,"""Ogrodowa""",33
492381,"""Opolskie""","""Opole""",11104,"""Krakowska""",15
629429,"""Wielkopolskie""","""Poznań""",95820,"""Kopernika""",46
886856,"""Śląskie""","""Częstochowa""",75604,"""Krótka""",17
858854,"""Łodzkie""","""Piotrków Trybunalski""",94580,"""Zielona""",21
605673,"""Świętokrzyskie""","""Kielce""",14424,"""Warszawska""",62
575988,"""Podkarpackie""","""Mielec""",77478,"""Piłsudskiego""",16
644419,"""Dolnośląskie""","""Wrocław""",11553,"""Szeroka""",1
655955,"""Śląskie""","""Tychy""",10562,"""Piłsudskiego""",16
777680,"""Śląskie""","""Siemianowice Śląskie""",11369,"""Ogrodowa""",33
368440,"""Śląskie""","""Częstochowa""",75604,"""Warszawska""",62
452808,"""Mazowieckie""","""Płock""",92831,"""Długa""",82
250801,"""Kujawsko-Pomorskie""","""Włocławek""",11731,"""Gdańska""",52
160430,"""Łodzkie""","""Skierniewice""",75043,"""Mickiewicza""",22
581122,"""Wielkopolskie""","""Konin""",91316,"""Krótka""",17
122449,"""Podkarpackie""","""Rzeszów""",10583,"""Krakowska""",15
923724,"""Zachodniopomorskie""","""Kołobrzeg""",91733,"""Piłsudskiego""",16
903329,"""Śląskie""","""Sosnowiec""",10002,"""Piłsudskiego""",16
390263,"""Zachodniopomorskie""","""Koszalin""",11378,"""Poznańska""",54
668924,"""Śląskie""","""Dąbrowa Górnicza""",94603,"""Krótka""",17
791827,"""Lubelskie""","""Lublin""",11050,"""Szeroka""",1
743247,"""Zachodniopomorskie""","""Kołobrzeg""",91733,"""Słowackiego""",42
543773,"""Warmiańsko-mazurskie""","""Elbląg""",90505,"""Szeroka""",1
670272,"""Śląskie""","""Sosnowiec""",10002,"""Stara""",38
675046,"""Śląskie""","""Katowice""",10950,"""Leśna""",61
443316,"""Świętokrzyskie""","""Kielce""",14424,"""Kościuszki""",94
728928,"""Opolskie""","""Opole""",11104,"""Słowackiego""",42
861854,"""Śląskie""","""Katowice""",10950,"""Ogrodowa""",33
821022,"""Kujawsko-Pomorskie""","""Grudziądz""",91316,"""Słowackiego""",42
679506,"""Świętokrzyskie""","""Starachowice""",11369,"""Gdańska""",52
916547,"""Świętokrzyskie""","""Kielce""",14424,"""Nowa""",69
175148,"""Mazowieckie""","""Ostrołęka""",11566,"""Krótka""",17
189692,"""Śląskie""","""Gliwice""",14127,"""Wrocławska""",34
623203,"""Kujawsko-Pomorskie""","""Grudziądz""",91316,"""Warszawska""",62
471131,"""Łódzkie""","""Łódź""",90278,"""Długa""",82
711528,"""Opolskie""","""Opole""",11104,"""Krótka""",17
720440,"""Małopolskie""","""Olkusz""",75115,"""Długa""",82
558051,"""Dolnośląskie""","""Legnica""",14086,"""Długa""",82
674236,"""Śląskie""","""Ruda Śląska""",11561,"""Ogrodowa""",33
977829,"""Śląskie""","""Dąbrowa Górnicza""",94603,"""Długa""",82
696304,"""Lubelskie""","""Zamość""",94070,"""Zielona""",21
586615,"""Pomorskie""","""Słupsk""",12804,"""Ogrodowa""",33
584554,"""Lubuskie""","""Gorzów Wielkopolski""",10541,"""Krótka""",17
896027,"""Wielkopolskie""","""Leszno""",11570,"""Nowa""",69
897339,"""Dolnośląskie""","""Jelenia Góra""",11714,"""Piłsudskiego""",16
657264,"""Pomorskie""","""Gdynia""",11550,"""Główna""",35
384482,"""Kujawsko-Pomorskie""","""Grudziądz""",91316,"""Ogrodowa""",33
469831,"""Małopolskie""","""Zakopane""",95677,"""Słowackiego""",42
373557,"""Podkarpackie""","""Rzeszów""",10583,"""Nowa""",69
837629,"""Dolnośląskie""","""Wałbrzych""",90274,"""Słowackiego""",42
305953,"""Kujawsko-Pomorskie""","""Włocławek""",11731,"""Wrocławska""",34
630854,"""Kujawsko-Pomorskie""","""Toruń""",12901,"""Wrocławska""",34
998014,"""Podlaskie""","""Łomża""",76901,"""Kopernika""",46
497773,"""Mazowieckie""","""Radom""",75126,"""Szeroka""",1
584677,"""Śląskie""","""Katowice""",10950,"""Piłsudskiego""",16
598408,"""Wielkopolskie""","""Poznań""",95820,"""Długa""",82
112832,"""Małopolskie""","""Kraków""",95008,"""Nowa""",69
501927,"""Świętokrzyskie""","""Starachowice""",11369,"""Ogrodowa""",33
990337,"""Śląskie""","""Chorzów""",13090,"""Nowa""",69
414774,"""Śląskie""","""Chorzów""",13090,"""Leśna""",61
232130,"""Śląskie""","""Gliwice""",14127,"""Zielona""",21
836498,"""Kujawsko-Pomorskie""","""Grudziądz""",91316,"""Długa""",82
196985,"""Śląskie""","""Gliwice""",14127,"""Mickiewicza""",22
156068,"""Zachodniopomorskie""","""Szczecin""",14215,"""Krótka""",17
639786,"""Mazowieckie""","""Tomaszów Mazowiecki""",77016,"""Szeroka""",1
744596,"""Warmiańsko-mazurskie""","""Elbląg""",90505,"""Słowackiego""",42
833500,"""Mazowieckie""","""Ciechanów""",10451,"""Kościuszki""",94
347928,"""Śląskie""","""Sosnowiec""",10002,"""Krótka""",17
844968,"""Łodzkie""","""Kutno""",95820,"""Piłsudskiego""",16
435279,"""Mazowieckie""","""Płock""",92831,"""Długa""",82
494072,"""Lubuskie""","""Zielona Góra""",95301,"""Szeroka""",1
378882,"""Mazowieckie""","""Otwock""",13501,"""Piłsudskiego""",16
499796,"""Pomorskie""","""Chojnice""",13090,"""Krótka""",17
890997,"""Kujawsko-Pomorskie""","""Bydgoszcz""",11372,"""Piłsudskiego""",16
193011,"""Łodzkie""","""Kutno""",95820,"""Słowackiego""",42
735544,"""Świętokrzyskie""","""Kielce""",14424,"""Szeroka""",1
629992,"""Wielkopolskie""","""Piła""",91740,"""Ogrodowa""",33
290947,"""Śląskie""","""Siemianowice Śląskie""",11369,"""Warszawska""",62
657621,"""Podkarpackie""","""Przemyśl""",10451,"""Warszawska""",62
487242,"""Wielkopolskie""","""Poznań""",95820,"""Nowa""",69
640135,"""Małopolskie""","""Zakopane""",95677,"""Poznańska""",54
971456,"""Śląskie""","""Gliwice""",14127,"""Kościuszki""",94
899932,"""Małopolskie""","""Kraków""",95008,"""Krótka""",17
521450,"""Zachodniopomorskie""","""Kołobrzeg""",91733,"""Leśna""",61
939122,"""Kujawsko-Pomorskie""","""Bydgoszcz""",11372,"""Poznańska""",54
936490,"""Lubelskie""","""Chełm""",11369,"""Piłsudskiego""",16
685855,"""Lubelskie""","""Chełm""",11369,"""Słowackiego""",42
314204,"""Łodzkie""","""Kutno""",95820,"""Szeroka""",1
882063,"""Kujawsko-Pomorskie""","""Inowrocław""",14450,"""Wrocławska""",34
122924,"""Łodzkie""","""Kutno""",95820,"""Kościuszki""",94
338576,"""Małopolskie""","""Kraków""",95008,"""Wrocławska""",34
299748,"""Mazowieckie""","""Ciechanów""",10451,"""Szeroka""",1
163320,"""Mazowieckie""","""Tomaszów Mazowiecki""",77016,"""Kościuszki""",94
261670,"""Mazowieckie""","""Ciechanów""",10451,"""Zielona""",21
263920,"""Łodzkie""","""Skierniewice""",75043,"""Słowackiego""",42
214464,"""Mazowieckie""","""Ostrołęka""",11566,"""Wrocławska""",34
586380,"""Śląskie""","""Katowice""",10950,"""Kościuszki""",94
487266,"""Podlaskie""","""Białystok""",10952,"""Szeroka""",1
702414,"""Dolnośląskie""","""Jelenia Góra""",11714,"""Szeroka""",1
198212,"""Pomorskie""","""Gdynia""",11550,"""Długa""",82
360223,"""Dolnośląskie""","""Jelenia Góra""",11714,"""Ogrodowa""",33
483264,"""Zachodniopomorskie""","""Koszalin""",11378,"""Słowackiego""",42
927459,"""Podkarpackie""","""Rzeszów""",10583,"""Zielona""",21
673362,"""Łodzkie""","""Kutno""",95820,"""Szeroka""",1
328018,"""Śląskie""","""Gliwice""",14127,"""Krakowska""",15
369877,"""Mazowieckie""","""Płock""",92831,"""Szeroka""",1
110175,"""Śląskie""","""Katowice""",10950,"""Kościuszki""",94
503283,"""Podlaskie""","""Białystok""",10952,"""Szeroka""",1
264306,"""Dolnośląskie""","""Wrocław""",11553,"""Nowa""",69
636296,"""Warmiańsko-mazurskie""","""Ełk""",11701,"""Warszawska""",62
866938,"""Podkarpackie""","""Mielec""",77478,"""Nowa""",69
668852,"""Śląskie""","""Bielsko-Biała""",11731,"""Rejtana""",98
285913,"""Pomorskie""","""Gdynia""",11550,"""Ogrodowa""",33
398240,"""Zachodniopomorskie""","""Szczecin""",14215,"""Warszawska""",62
464501,"""Zachodniopomorskie""","""Koszalin""",11378,"""Leśna""",61
446821,"""Kujawsko-Pomorskie""","""Włocławek""",11731,"""Zielona""",21
252719,"""Wielkopolskie""","""Konin""",91316,"""Ogrodowa""",33
205084,"""Dolnośląskie""","""Legnica""",14086,"""Ogrodowa""",33
287483,"""Małopolskie""","""Zakopane""",95677,"""Gdańska""",52
206923,"""Śląskie""","""Bielsko-Biała""",11731,"""Długa""",82
771355,"""Podkarpackie""","""Przemyśl""",10451,"""Nowa""",69
510812,"""Mazowieckie""","""Otwock""",13501,"""Wrocławska""",34
766174,"""Śląskie""","""Bytom""",11423,"""Długa""",82
265568,"""Małopolskie""","""Oświęcim""",75088,"""Mickiewicza""",22
384174,"""Śląskie""","""Sosnowiec""",10002,"""Leśna""",61
208738,"""Zachodniopomorskie""","""Koszalin""",11378,"""Zielona""",21
723460,"""Kujawsko-Pomorskie""","""Toruń""",12901,"""Słowackiego""",42
144952,"""Łodzkie""","""Skierniewice""",75043,"""Wrocławska""",34
122465,"""Lubuskie""","""Gorzów Wielkopolski""",10541,"""Leśna""",61
524359,"""Wielkopolskie""","""Poznań""",95820,"""Krótka""",17
363461,"""Lubelskie""","""Lublin""",11050,"""Leśna""",61
907503,"""Małopolskie""","""Nowy Sącz""",11003,"""Warszawska""",62
536969,"""Podkarpackie""","""Mielec""",77478,"""Długa""",82
666368,"""Lubuskie""","""Zielona Góra""",95301,"""Kościuszki""",94
255557,"""Warmiańsko-mazurskie""","""Elbląg""",90505,"""Krótka""",17
159315,"""Śląskie""","""Sosnowiec""",10002,"""Leśna""",61
651946,"""Śląskie""","""Rybnik""",10541,"""Gdańska""",52
444183,"""Warmiańsko-mazurskie""","""Olsztyn""",77904,"""Wrocławska""",34
730893,"""Warmiańsko-mazurskie""","""Ełk""",11701,"""Słowackiego""",42
307374,"""Zachodniopomorskie""","""Kołobrzeg""",91733,"""Szeroka""",1
967361,"""Wielkopolskie""","""Leszno""",11570,"""Zielona""",21
661307,"""Mazowieckie""","""Tomaszów Mazowiecki""",77016,"""Słowackiego""",42
215729,"""Opolskie""","""Opole""",11104,"""Warszawska""",62
766062,"""Wielkopolskie""","""Piła""",91740,"""Piłsudskiego""",16
316179,"""Kujawsko-Pomorskie""","""Toruń""",12901,"""Słowackiego""",42
344620,"""Śląskie""","""Siemianowice Śląskie""",11369,"""Kościuszki""",94
453638,"""Lubuskie""","""Zielona Góra""",95301,"""Ogrodowa""",33
400021,"""Śląskie""","""Bytom""",11423,"""Szeroka""",1
608821,"""Podkarpackie""","""Przemyśl""",10451,"""Długa""",82
315197,"""Dolnośląskie""","""Lubin""",13090,"""Nowa""",69
406422,"""Wielkopolskie""","""Poznań""",95820,"""Poznańska""",54
817948,"""Kujawsko-Pomorskie""","""Włocławek""",11731,"""Ogrodowa""",33
889907,"""Śląskie""","""Jaworzno""",11418,"""Mickiewicza""",22
306177,"""Dolnośląskie""","""Jelenia Góra""",11714,"""Krakowska""",15
400330,"""Warmiańsko-mazurskie""","""Ełk""",11701,"""Warszawska""",62
104723,"""Pomorskie""","""Słupsk""",12804,"""Gdańska""",52
258969,"""Łodzkie""","""Piotrków Trybunalski""",94580,"""Krótka""",17
757877,"""Śląskie""","""Zabrze""",77478,"""Szeroka""",1
344228,"""Mazowieckie""","""Płock""",92831,"""Ogrodowa""",33
219032,"""Małopolskie""","""Olkusz""",75115,"""Zielona""",21
420075,"""Małopolskie""","""Kraków""",95008,"""Ogrodowa""",33
308804,"""Kujawsko-Pomorskie""","""Włocławek""",11731,"""Krótka""",17
164539,"""Kujawsko-Pomorskie""","""Grudziądz""",91316,"""Krakowska""",15
680807,"""Mazowieckie""","""Tomaszów Mazowiecki""",77016,"""Piłsudskiego""",16
251215,"""Mazowieckie""","""Otwock""",13501,"""Kościuszki""",94
701039,"""Śląskie""","""Dąbrowa Górnicza""",94603,"""Warszawska""",62
906255,"""Mazowieckie""","""Ciechanów""",10451,"""Leśna""",61
378189,"""Mazowieckie""","""Tomaszów Mazowiecki""",77016,"""Mickiewicza""",22
651105,"""Świętokrzyskie""","""Kielce""",14424,"""Wrocławska""",34
794624,"""Śląskie""","""Sosnowiec""",10002,"""Rejtana""",98
522551,"""Wielkopolskie""","""Leszno""",11570,"""Stara""",38
908177,"""Śląskie""","""Dąbrowa Górnicza""",94603,"""Słowackiego""",42
151981,"""Łodzkie""","""Piotrków Trybunalski""",94580,"""Piłsudskiego""",16
494394,"""Wielkopolskie""","""Leszno""",11570,"""Zielona""",21
451936,"""Śląskie""","""Chorzów""",13090,"""Poznańska""",54
488848,"""Śląskie""","""Jaworzno""",11418,"""Długa""",82
557693,"""Śląskie""","""Tychy""",10562,"""Długa""",82
718065,"""Pomorskie""","""Chojnice""",13090,"""Szeroka""",1
323083,"""Mazowieckie""","""Ostrołęka""",11566,"""Główna""",35
323151,"""Mazowieckie""","""Płock""",92831,"""Kościuszki""",94
934578,"""Lubuskie""","""Gorzów Wielkopolski""",10541,"""Wrocławska""",34
918615,"""Śląskie""","""Siemianowice Śląskie""",11369,"""Długa""",82
111243,"""Śląskie""","""Bytom""",11423,"""Długa""",82
656709,"""Podkarpackie""","""Przemyśl""",10451,"""Gdańska""",52
606889,"""Warmiańsko-mazurskie""","""Ełk""",11701,"""Zielona""",21
324898,"""Małopolskie""","""Zakopane""",95677,"""Główna""",35
591175,"""Śląskie""","""Jastrzębie-Zdrój""",77016,"""Słowackiego""",42
868425,"""Mazowieckie""","""Otwock""",13501,"""Kościuszki""",94
493824,"""Podkarpackie""","""Rzeszów""",10583,"""Krótka""",17
405438,"""Zachodniopomorskie""","""Kołobrzeg""",91733,"""Leśna""",61
429217,"""Dolnośląskie""","""Wrocław""",11553,"""Główna""",35
958635,"""Mazowieckie""","""Ostrołęka""",11566,"""Krakowska""",15
774492,"""Śląskie""","""Katowice""",10950,"""Główna""",35
840828,"""Dolnośląskie""","""Jelenia Góra""",11714,"""Warszawska""",62
615693,"""Śląskie""","""Zabrze""",77478,"""Ogrodowa""",33
722660,"""Dolnośląskie""","""Wrocław""",11553,"""Mickiewicza""",22
352250,"""Dolnośląskie""","""Świdnica""",13440,"""Długa""",82
651486,"""Kujawsko-Pomorskie""","""Grudziądz""",91316,"""Zielona""",21
588520,"""Łodzkie""","""Kutno""",95820,"""Warszawska""",62
330129,"""Mazowieckie""","""Tomaszów Mazowiecki""",77016,"""Ogrodowa""",33
903282,"""Warmiańsko-mazurskie""","""Olsztyn""",77904,"""Rejtana""",98
659398,"""Pomorskie""","""Gdańsk""",14450,"""Mickiewicza""",22
145678,"""Podkarpackie""","""Mielec""",77478,"""Gdańska""",52
330790,"""Dolnośląskie""","""Jelenia Góra""",11714,"""Wrocławska""",34
100568,"""Zachodniopomorskie""","""Koszalin""",11378,"""Krótka""",17
745962,"""Lubelskie""","""Lublin""",11050,"""Długa""",82
881661,"""Małopolskie""","""Kraków""",95008,"""Piłsudskiego""",16
365506,"""Lubuskie""","""Gorzów Wielkopolski""",10541,"""Gdańska""",52
120229,"""Lubelskie""","""Zamość""",94070,"""Kościuszki""",94
225641,"""Śląskie""","""Gliwice""",14127,"""Zielona""",21
409415,"""Wielkopolskie""","""Kalisz""",11102,"""Słowackiego""",42
496665,"""Podkarpackie""","""Mielec""",77478,"""Krótka""",17
133578,"""Śląskie""","""Sosnowiec""",10002,"""Poznańska""",54
713507,"""Wielkopolskie""","""Leszno""",11570,"""Zielona""",21
216365,"""Lubelskie""","""Lublin""",11050,"""Poznańska""",54
672443,"""Pomorskie""","""Słupsk""",12804,"""Nowa""",69
395373,"""Dolnośląskie""","""Lubin""",13090,"""Wrocławska""",34
726372,"""Śląskie""","""Katowice""",10950,"""Mickiewicza""",22
639824,"""Lubuskie""","""Zielona Góra""",95301,"""Krótka""",17
684570,"""Warmiańsko-mazurskie""","""Ełk""",11701,"""Mickiewicza""",22
563323,"""Pomorskie""","""Gdańsk""",14450,"""Długa""",82
557427,"""Kujawsko-Pomorskie""","""Grudziądz""",91316,"""Słowackiego""",42
611304,"""Kujawsko-Pomorskie""","""Bydgoszcz""",11372,"""Kopernika""",46
682755,"""Lubuskie""","""Zielona Góra""",95301,"""Główna""",35
570572,"""Śląskie""","""Siemianowice Śląskie""",11369,"""Kopernika""",46
102807,"""Zachodniopomorskie""","""Szczecin""",14215,"""Gdańska""",52
814828,"""Pomorskie""","""Chojnice""",13090,"""Kościuszki""",94
743676,"""Śląskie""","""Sosnowiec""",10002,"""Warszawska""",62
505586,"""Łodzkie""","""Skierniewice""",75043,"""Mickiewicza""",22
732313,"""Małopolskie""","""Oświęcim""",75088,"""Ogrodowa""",33
286828,"""Kujawsko-Pomorskie""","""Bydgoszcz""",11372,"""Ogrodowa""",33
358047,"""Śląskie""","""Tychy""",10562,"""Mickiewicza""",22
740017,"""Lubuskie""","""Zielona Góra""",95301,"""Ogrodowa""",33
632900,"""Wielkopolskie""","""Poznań""",95820,"""Wrocławska""",34
304589,"""Lubelskie""","""Lublin""",11050,"""Piłsudskiego""",16
249890,"""Świętokrzyskie""","""Kielce""",14424,"""Ogrodowa""",33
509489,"""Wielkopolskie""","""Kalisz""",11102,"""Gdańska""",52
481884,"""Dolnośląskie""","""Legnica""",14086,"""Zielona""",21
111054,"""Mazowieckie""","""Ciechanów""",10451,"""Główna""",35
695860,"""Śląskie""","""Jastrzębie-Zdrój""",77016,"""Mickiewicza""",22
510977,"""Łodzkie""","""Piotrków Trybunalski""",94580,"""Nowa""",69
394492,"""Śląskie""","""Zabrze""",77478,"""Zielona""",21
929344,"""Śląskie""","""Jastrzębie-Zdrój""",77016,"""Gdańska""",52
648756,"""Lubuskie""","""Gorzów Wielkopolski""",10541,"""Zielona""",21
781479,"""Podlaskie""","""Białystok""",10952,"""Zielona""",21
749952,"""Dolnośląskie""","""Jelenia Góra""",11714,"""Zielona""",21
956409,"""Śląskie""","""Katowice""",10950,"""Ogrodowa""",33
799123,"""Śląskie""","""Chorzów""",13090,"""Krakowska""",15
751137,"""Śląskie""","""Gliwice""",14127,"""Leśna""",61
424411,"""Wielkopolskie""","""Poznań""",95820,"""Wrocławska""",34
819557,"""Mazowieckie""","""Otwock""",13501,"""Poznańska""",54
368332,"""Śląskie""","""Katowice""",10950,"""Kopernika""",46
842034,"""Łodzkie""","""Skierniewice""",75043,"""Mickiewicza""",22
119335,"""Kujawsko-Pomorskie""","""Inowrocław""",14450,"""Ogrodowa""",33
806924,"""Śląskie""","""Ruda Śląska""",11561,"""Ogrodowa""",33
510175,"""Pomorskie""","""Chojnice""",13090,"""Kościuszki""",94
696707,"""Zachodniopomorskie""","""Świnoujście""",11566,"""Leśna""",61
171737,"""Kujawsko-Pomorskie""","""Inowrocław""",14450,"""Nowa""",69
340436,"""Dolnośląskie""","""Świdnica""",13440,"""Kościuszki""",94
612189,"""Małopolskie""","""Oświęcim""",75088,"""Kopernika""",46
555320,"""Śląskie""","""Jastrzębie-Zdrój""",77016,"""Krakowska""",15
531101,"""Śląskie""","""Bytom""",11423,"""Krakowska""",15
146383,"""Pomorskie""","""Chojnice""",13090,"""Mickiewicza""",22
140777,"""Śląskie""","""Tychy""",10562,"""Nowa""",69
602447,"""Kujawsko-Pomorskie""","""Toruń""",12901,"""Warszawska""",62
866471,"""Warmiańsko-mazurskie""","""Ełk""",11701,"""Warszawska""",62
556023,"""Lubelskie""","""Zamość""",94070,"""Wrocławska""",34
571657,"""Łodzkie""","""Skierniewice""",75043,"""Poznańska""",54
165939,"""Zachodniopomorskie""","""Kołobrzeg""",91733,"""Krakowska""",15
972982,"""Śląskie""","""Zabrze""",77478,"""Piłsudskiego""",16
464692,"""Śląskie""","""Gliwice""",14127,"""Mickiewicza""",22
342196,"""Śląskie""","""Jastrzębie-Zdrój""",77016,"""Szeroka""",1
910103,"""Śląskie""","""Sosnowiec""",10002,"""Słowackiego""",42
239327,"""Podlaskie""","""Suwałki""",14120,"""Gdańska""",52
193009,"""Mazowieckie""","""Płock""",92831,"""Kościuszki""",94
146129,"""Podlaskie""","""Białystok""",10952,"""Ogrodowa""",33
187121,"""Zachodniopomorskie""","""Kołobrzeg""",91733,"""Wrocławska""",34
274653,"""Kujawsko-Pomorskie""","""Inowrocław""",14450,"""Mickiewicza""",22
756025,"""Zachodniopomorskie""","""Koszalin""",11378,"""Ogrodowa""",33
564878,"""Łodzkie""","""Piotrków Trybunalski""",94580,"""Rejtana""",98
490104,"""Dolnośląskie""","""Wałbrzych""",90274,"""Gdańska""",52
198131,"""Podlaskie""","""Łomża""",76901,"""Słowackiego""",42
888505,"""Łodzkie""","""Kutno""",95820,"""Rejtana""",98
829260,"""Śląskie""","""Jaworzno""",11418,"""Piłsudskiego""",16
367270,"""Zachodniopomorskie""","""Świnoujście""",11566,"""Słowackiego""",42
610526,"""Lubuskie""","""Gorzów Wielkopolski""",10541,"""Główna""",35
278970,"""Zachodniopomorskie""","""Kołobrzeg""",91733,"""Główna""",35
687945,"""Śląskie""","""Katowice""",10950,"""Główna""",35
899851,"""Mazowieckie""","""Ostrołęka""",11566,"""Warszawska""",62
737147,"""Śląskie""","""Rybnik""",10541,"""Zielona""",21
767602,"""Pomorskie""","""Słupsk""",12804,"""Mickiewicza""",22
677131,"""Małopolskie""","""Olkusz""",75115,"""Leśna""",61
640492,"""Podlaskie""","""Łomża""",76901,"""Mickiewicza""",22
301611,"""Śląskie""","""Bielsko-Biała""",11731,"""Warszawska""",62
641349,"""Opolskie""","""Opole""",11104,"""Główna""",35
369372,"""Podkarpackie""","""Rzeszów""",10583,"""Warszawska""",62
527988,"""Śląskie""","""Gliwice""",14127,"""Piłsudskiego""",16
901601,"""Mazowieckie""","""Płock""",92831,"""Główna""",35
452720,"""Pomorskie""","""Chojnice""",13090,"""Ogrodowa""",33
175123,"""Pomorskie""","""Gdynia""",11550,"""Zielona""",21
525384,"""Lubelskie""","""Chełm""",11369,"""Piłsudskiego""",16
923729,"""Lubuskie""","""Gorzów Wielkopolski""",10541,"""Warszawska""",62
200806,"""Podkarpackie""","""Mielec""",77478,"""Długa""",82
406749,"""Świętokrzyskie""","""Kielce""",14424,"""Poznańska""",54
699090,"""Wielkopolskie""","""Poznań""",95820,"""Wrocławska""",34
715999,"""Zachodniopomorskie""","""Stargard""",11722,"""Piłsudskiego""",16
683276,"""Dolnośląskie""","""Legnica""",14086,"""Szeroka""",1
211258,"""Śląskie""","""Częstochowa""",75604,"""Leśna""",61
718351,"""Wielkopolskie""","""Kalisz""",11102,"""Poznańska""",54
276770,"""Dolnośląskie""","""Wrocław""",11553,"""Długa""",82
158274,"""Dolnośląskie""","""Wrocław""",11553,"""Główna""",35
737429,"""Pomorskie""","""Słupsk""",12804,"""Długa""",82
527508,"""Podlaskie""","""Suwałki""",14120,"""Główna""",35
753796,"""Kujawsko-Pomorskie""","""Bydgoszcz""",11372,"""Leśna""",61
432742,"""Warmiańsko-mazurskie""","""Ełk""",11701,"""Nowa""",69
537251,"""Dolnośląskie""","""Wałbrzych""",90274,"""Główna""",35
239479,"""Podkarpackie""","""Mielec""",77478,"""Wrocławska""",34
912446,"""Śląskie""","""Dąbrowa Górnicza""",94603,"""Słowackiego""",42
944869,"""Lubelskie""","""Zamość""",94070,"""Zielona""",21
669796,"""Wielkopolskie""","""Kalisz""",11102,"""Nowa""",69
763668,"""Warmiańsko-mazurskie""","""Ełk""",11701,"""Mickiewicza""",22
529758,"""Kujawsko-Pomorskie""","""Grudziądz""",91316,"""Mickiewicza""",22
459690,"""Małopolskie""","""Olkusz""",75115,"""Długa""",82
162192,"""Mazowieckie""","""Ciechanów""",10451,"""Szeroka""",1
816799,"""Wielkopolskie""","""Kalisz""",11102,"""Słowackiego""",42
108652,"""Śląskie""","""Częstochowa""",75604,"""Krótka""",17
139074,"""Zachodniopomorskie""","""Świnoujście""",11566,"""Szeroka""",1
111102,"""Śląskie""","""Ruda Śląska""",11561,"""Słowackiego""",42
764900,"""Mazowieckie""","""Ciechanów""",10451,"""Wrocławska""",34
173757,"""Łodzkie""","""Kutno""",95820,"""Główna""",35
788149,"""Dolnośląskie""","""Jelenia Góra""",11714,"""Piłsudskiego""",16
826511,"""Wielkopolskie""","""Konin""",91316,"""Długa""",82
959543,"""Małopolskie""","""Kraków""",95008,"""Piłsudskiego""",16
926944,"""Kujawsko-Pomorskie""","""Grudziądz""",91316,"""Wrocławska""",34
107943,"""Dolnośląskie""","""Jelenia Góra""",11714,"""Szeroka""",1
545886,"""Lubuskie""","""Gorzów Wielkopolski""",10541,"""Ogrodowa""",33
735918,"""Wielkopolskie""","""Leszno""",11570,"""Krótka""",17
172543,"""Małopolskie""","""Zakopane""",95677,"""Warszawska""",62
321718,"""Śląskie""","""Katowice""",10950,"""Piłsudskiego""",16
219543,"""Dolnośląskie""","""Jelenia Góra""",11714,"""Kopernika""",46
838041,"""Wielkopolskie""","""Poznań""",95820,"""Leśna""",61
910427,"""Podkarpackie""","""Rzeszów""",10583,"""Mickiewicza""",22
752153,"""Małopolskie""","""Nowy Sącz""",11003,"""Mickiewicza""",22
731217,"""Kujawsko-Pomorskie""","""Grudziądz""",91316,"""Zielona""",21
975875,"""Śląskie""","""Zabrze""",77478,"""Rejtana""",98
788967,"""Kujawsko-Pomorskie""","""Włocławek""",11731,"""Długa""",82
965413,"""Zachodniopomorskie""","""Świnoujście""",11566,"""Kościuszki""",94
773315,"""Lubelskie""","""Chełm""",11369,"""Leśna""",61
658584,"""Mazowieckie""","""Otwock""",13501,"""Zielona""",21
618153,"""Podkarpackie""","""Rzeszów""",10583,"""Wrocławska""",34
657172,"""Śląskie""","""Rybnik""",10541,"""Długa""",82
611564,"""Kujawsko-Pomorskie""","""Grudziądz""",91316,"""Leśna""",61
784353,"""Śląskie""","""Tychy""",10562,"""Główna""",35
643261,"""Mazowieckie""","""Radom""",75126,"""Słowackiego""",42
709005,"""Łodzkie""","""Kutno""",95820,"""Wrocławska""",34
129706,"""Warmiańsko-mazurskie""","""Ełk""",11701,"""Wrocławska""",34
583881,"""Opolskie""","""Opole""",11104,"""Piłsudskiego""",16
454134,"""Małopolskie""","""Nowy Sącz""",11003,"""Słowackiego""",42
122160,"""Kujawsko-Pomorskie""","""Bydgoszcz""",11372,"""Rejtana""",98
645881,"""Mazowieckie""","""Otwock""",13501,"""Główna""",35
406612,"""Wielkopolskie""","""Konin""",91316,"""Ogrodowa""",33
105664,"""Wielkopolskie""","""Poznań""",95820,"""Wrocławska""",34
109240,"""Małopolskie""","""Zakopane""",95677,"""Kościuszki""",94
885327,"""Dolnośląskie""","""Lubin""",13090,"""Główna""",35
449332,"""Mazowieckie""","""Otwock""",13501,"""Słowackiego""",42
811874,"""Pomorskie""","""Gdańsk""",14450,"""Piłsudskiego""",16
663346,"""Świętokrzyskie""","""Kielce""",14424,"""Kościuszki""",94
964342,"""Świętokrzyskie""","""Starachowice""",11369,"""Rejtana""",98
823935,"""Małopolskie""","""Oświęcim""",75088,"""Krakowska""",15
536236,"""Podlaskie""","""Łomża""",76901,"""Wrocławska""",34
876158,"""Małopolskie""","""Zakopane""",95677,"""Długa""",82
349255,"""Śląskie""","""Gliwice""",14127,"""Nowa""",69
574013,"""Śląskie""","""Ruda Śląska""",11561,"""Ogrodowa""",33
299718,"""Kujawsko-Pomorskie""","""Grudziądz""",91316,"""Szeroka""",1
873911,"""Śląskie""","""Bytom""",11423,"""Nowa""",69
674183,"""Kujawsko-Pomorskie""","""Inowrocław""",14450,"""Zielona""",21
195664,"""Kujawsko-Pomorskie""","""Grudziądz""",91316,"""Krótka""",17
432483,"""Śląskie""","""Chorzów""",13090,"""Nowa""",69
996969,"""Lubuskie""","""Gorzów Wielkopolski""",10541,"""Kościuszki""",94
133920,"""Podkarpackie""","""Rzeszów""",10583,"""Mickiewicza""",22
380483,"""Kujawsko-Pomorskie""","""Bydgoszcz""",11372,"""Ogrodowa""",33
627878,"""Dolnośląskie""","""Legnica""",14086,"""Poznańska""",54
296527,"""Śląskie""","""Katowice""",10950,"""Piłsudskiego""",16
680546,"""Podkarpackie""","""Przemyśl""",10451,"""Szeroka""",1
331486,"""Dolnośląskie""","""Wrocław""",11553,"""Szeroka""",1
824789,"""Śląskie""","""Ruda Śląska""",11561,"""Poznańska""",54
145886,"""Śląskie""","""Ruda Śląska""",11561,"""Kopernika""",46
291180,"""Małopolskie""","""Zakopane""",95677,"""Wrocławska""",34
616005,"""Mazowieckie""","""Ciechanów""",10451,"""Ogrodowa""",33
937605,"""Małopolskie""","""Kraków""",95008,"""Krótka""",17
207857,"""Mazowieckie""","""Ostrołęka""",11566,"""Szeroka""",1
325790,"""Dolnośląskie""","""Wałbrzych""",90274,"""Krakowska""",15
383358,"""Zachodniopomorskie""","""Szczecin""",14215,"""Warszawska""",62
378740,"""Śląskie""","""Gliwice""",14127,"""Piłsudskiego""",16
746269,"""Śląskie""","""Jastrzębie-Zdrój""",77016,"""Krakowska""",15
128403,"""Warmiańsko-mazurskie""","""Olsztyn""",77904,"""Długa""",82
977208,"""Śląskie""","""Zabrze""",77478,"""Ogrodowa""",33
647974,"""Lubuskie""","""Gorzów Wielkopolski""",10541,"""Szeroka""",1
762620,"""Świętokrzyskie""","""Kielce""",14424,"""Ogrodowa""",33
674316,"""Śląskie""","""Jastrzębie-Zdrój""",77016,"""Kościuszki""",94
573397,"""Opolskie""","""Opole""",11104,"""Słowackiego""",42
911339,"""Pomorskie""","""Chojnice""",13090,"""Kościuszki""",94
596196,"""Dolnośląskie""","""Świdnica""",13440,"""Słowackiego""",42
968833,"""Kujawsko-Pomorskie""","""Toruń""",12901,"""Krótka""",17
173747,"""Lubelskie""","""Zamość""",94070,"""Szeroka""",1
847621,"""Dolnośląskie""","""Legnica""",14086,"""Mickiewicza""",22
936389,"""Śląskie""","""Jaworzno""",11418,"""Wrocławska""",34
212121,"""Łodzkie""","""Skierniewice""",75043,"""Kościuszki""",94
771193,"""Mazowieckie""","""Tomaszów Mazowiecki""",77016,"""Piłsudskiego""",16
913112,"""Śląskie""","""Sosnowiec""",10002,"""Wrocławska""",34
454193,"""Śląskie""","""Rybnik""",10541,"""Kościuszki""",94
773118,"""Mazowieckie""","""Ostrołęka""",11566,"""Kościuszki""",94
824637,"""Warmiańsko-mazurskie""","""Ełk""",11701,"""Gdańska""",52
511729,"""Małopolskie""","""Tarnów""",13027,"""Zielona""",21
252963,"""Śląskie""","""Jastrzębie-Zdrój""",77016,"""Poznańska""",54
483465,"""Małopolskie""","""Zakopane""",95677,"""Kopernika""",46
322946,"""Zachodniopomorskie""","""Kołobrzeg""",91733,"""Kościuszki""",94
681635,"""Łódzkie""","""Łódź""",90278,"""Rejtana""",98
138090,"""Pomorskie""","""Gdynia""",11550,"""Mickiewicza""",22
220424,"""Małopolskie""","""Nowy Sącz""",11003,"""Stara""",38
970020,"""Zachodniopomorskie""","""Świnoujście""",11566,"""Główna""",35
911550,"""Zachodniopomorskie""","""Stargard""",11722,"""Leśna""",61
926597,"""Pomorskie""","""Chojnice""",13090,"""Rejtana""",98
820680,"""Dolnośląskie""","""Wałbrzych""",90274,"""Kościuszki""",94
624280,"""Kujawsko-Pomorskie""","""Toruń""",12901,"""Krótka""",17
443528,"""Zachodniopomorskie""","""Kołobrzeg""",91733,"""Ogrodowa""",33
155365,"""Wielkopolskie""","""Leszno""",11570,"""Poznańska""",54
844371,"""Małopolskie""","""Oświęcim""",75088,"""Kościuszki""",94
591705,"""Małopolskie""","""Nowy Sącz""",11003,"""Zielona""",21
362932,"""Pomorskie""","""Chojnice""",13090,"""Słowackiego""",42
938586,"""Wielkopolskie""","""Kalisz""",11102,"""Krótka""",17
779467,"""Podkarpackie""","""Mielec""",77478,"""Szeroka""",1
358348,"""Warmiańsko-mazurskie""","""Ełk""",11701,"""Długa""",82
175539,"""Opolskie""","""Opole""",11104,"""Długa""",82
195952,"""Świętokrzyskie""","""Starachowice""",11369,"""Leśna""",61
514512,"""Śląskie""","""Jastrzębie-Zdrój""",77016,"""Kościuszki""",94
858739,"""Śląskie""","""Zabrze""",77478,"""Krakowska""",15
189742,"""Mazowieckie""","""Płock""",92831,"""Warszawska""",62
138241,"""Dolnośląskie""","""Jelenia Góra""",11714,"""Krakowska""",15
538726,"""Dolnośląskie""","""Lubin""",13090,"""Szeroka""",1
930783,"""Świętokrzyskie""","""Starachowice""",11369,"""Krakowska""",15
288284,"""Podlaskie""","""Suwałki""",14120,"""Szeroka""",1
452215,"""Śląskie""","""Bielsko-Biała""",11731,"""Słowackiego""",42
435336,"""Pomorskie""","""Słupsk""",12804,"""Poznańska""",54
997527,"""Małopolskie""","""Oświęcim""",75088,"""Nowa""",69
647258,"""Śląskie""","""Dąbrowa Górnicza""",94603,"""Szeroka""",1
809133,"""Podkarpackie""","""Rzeszów""",10583,"""Słowackiego""",42
568877,"""Małopolskie""","""Olkusz""",75115,"""Kościuszki""",94
166214,"""Śląskie""","""Dąbrowa Górnicza""",94603,"""Kopernika""",46
753614,"""Dolnośląskie""","""Lubin""",13090,"""Nowa""",69
544325,"""Wielkopolskie""","""Kalisz""",11102,"""Warszawska""",62
466585,"""Łodzkie""","""Skierniewice""",75043,"""Piłsudskiego""",16
389592,"""Łódzkie""","""Łódź""",90278,"""Krakowska""",15
626134,"""Podlaskie""","""Suwałki""",14120,"""Mickiewicza""",22
302280,"""Zachodniopomorskie""","""Koszalin""",11378,"""Ogrodowa""",33
117706,"""Lubelskie""","""Lublin""",11050,"""Długa""",82
375798,"""Pomorskie""","""Chojnice""",13090,"""Szeroka""",1
139918,"""Warmiańsko-mazurskie""","""Olsztyn""",77904,"""Słowackiego""",42
118814,"""Lubelskie""","""Lublin""",11050,"""Nowa""",69
590758,"""Małopolskie""","""Zakopane""",95677,"""Piłsudskiego""",16
257390,"""Śląskie""","""Rybnik""",10541,"""Szeroka""",1
831530,"""Śląskie""","""Rybnik""",10541,"""Nowa""",69
772029,"""Małopolskie""","""Zakopane""",95677,"""Stara""",38
899077,"""Dolnośląskie""","""Legnica""",14086,"""Wrocławska""",34
907949,"""Zachodniopomorskie""","""Kołobrzeg""",91733,"""Kościuszki""",94
325514,"""Zachodniopomorskie""","""Szczecin""",14215,"""Leśna""",61
334278,"""Mazowieckie""","""Radom""",75126,"""Mickiewicza""",22
278184,"""Pomorskie""","""Gdynia""",11550,"""Główna""",35
888363,"""Śląskie""","""Zabrze""",77478,"""Wrocławska""",34
858839,"""Lubelskie""","""Chełm""",11369,"""Zielona""",21
615173,"""Lubelskie""","""Lublin""",11050,"""Główna""",35
689575,"""Mazowieckie""","""Otwock""",13501,"""Długa""",82
353738,"""Lubuskie""","""Zielona Góra""",95301,"""Słowackiego""",42
567178,"""Podlaskie""","""Łomża""",76901,"""Wrocławska""",34
894097,"""Łodzkie""","""Piotrków Trybunalski""",94580,"""Nowa""",69
449054,"""Dolnośląskie""","""Lubin""",13090,"""Warszawska""",62
408562,"""Śląskie""","""Chorzów""",13090,"""Główna""",35
687477,"""Śląskie""","""Częstochowa""",75604,"""Nowa""",69
327050,"""Małopolskie""","""Olkusz""",75115,"""Rejtana""",98
566203,"""Małopolskie""","""Oświęcim""",75088,"""Krótka""",17
343308,"""Łódzkie""","""Łódź""",90278,"""Piłsudskiego""",16
749930,"""Dolnośląskie""","""Lubin""",13090,"""Nowa""",69
847147,"""Warmiańsko-mazurskie""","""Ełk""",11701,"""Słowackiego""",42
559828,"""Dolnośląskie""","""Legnica""",14086,"""Piłsudskiego""",16
111750,"""Wielkopolskie""","""Konin""",91316,"""Szeroka""",1
225152,"""Śląskie""","""Sosnowiec""",10002,"""Piłsudskiego""",16
944732,"""Podlaskie""","""Białystok""",10952,"""Leśna""",61
187485,"""Mazowieckie""","""Ostrołęka""",11566,"""Leśna""",61
674407,"""Śląskie""","""Jastrzębie-Zdrój""",77016,"""Wrocławska""",34
500475,"""Lubuskie""","""Zielona Góra""",95301,"""Mickiewicza""",22
779476,"""Małopolskie""","""Oświęcim""",75088,"""Rejtana""",98
742584,"""Lubelskie""","""Chełm""",11369,"""Krakowska""",15
686744,"""Małopolskie""","""Tarnów""",13027,"""Słowackiego""",42
606541,"""Zachodniopomorskie""","""Stargard""",11722,"""Krótka""",17
406651,"""Pomorskie""","""Gdynia""",11550,"""Poznańska""",54
394168,"""Pomorskie""","""Chojnice""",13090,"""Nowa""",69
610300,"""Lubuskie""","""Gorzów Wielkopolski""",10541,"""Warszawska""",62
274263,"""Mazowieckie""","""Otwock""",13501,"""Zielona""",21
227345,"""Kujawsko-Pomorskie""","""Włocławek""",11731,"""Wrocławska""",34
727723,"""Kujawsko-Pomorskie""","""Bydgoszcz""",11372,"""Kościuszki""",94
712724,"""Małopolskie""","""Zakopane""",95677,"""Krótka""",17
138924,"""Śląskie""","""Zabrze""",77478,"""Ogrodowa""",33
335205,"""Wielkopolskie""","""Leszno""",11570,"""Krótka""",17
246400,"""Podlaskie""","""Łomża""",76901,"""Kościuszki""",94
107604,"""Łodzkie""","""Skierniewice""",75043,"""Szeroka""",1
362180,"""Lubelskie""","""Chełm""",11369,"""Piłsudskiego""",16
974007,"""Dolnośląskie""","""Lubin""",13090,"""Wrocławska""",34
796458,"""Śląskie""","""Bielsko-Biała""",11731,"""Słowackiego""",42
887797,"""Łódzkie""","""Łódź""",90278,"""Kościuszki""",94
860237,"""Śląskie""","""Bytom""",11423,"""Kopernika""",46
204329,"""Podlaskie""","""Białystok""",10952,"""Piłsudskiego""",16
369444,"""Podkarpackie""","""Mielec""",77478,"""Ogrodowa""",33
421500,"""Kujawsko-Pomorskie""","""Inowrocław""",14450,"""Długa""",82
579930,"""Śląskie""","""Ruda Śląska""",11561,"""Krótka""",17
874908,"""Wielkopolskie""","""Konin""",91316,"""Kościuszki""",94
389497,"""Kujawsko-Pomorskie""","""Toruń""",12901,"""Poznańska""",54
344380,"""Lubuskie""","""Gorzów Wielkopolski""",10541,"""Kościuszki""",94
519826,"""Kujawsko-Pomorskie""","""Bydgoszcz""",11372,"""Piłsudskiego""",16
671172,"""Pomorskie""","""Gdynia""",11550,"""Krakowska""",15
613968,"""Łodzkie""","""Piotrków Trybunalski""",94580,"""Ogrodowa""",33
633548,"""Śląskie""","""Jastrzębie-Zdrój""",77016,"""Rejtana""",98
470363,"""Śląskie""","""Dąbrowa Górnicza""",94603,"""Główna""",35
891126,"""Dolnośląskie""","""Wałbrzych""",90274,"""Szeroka""",1
280440,"""Wielkopolskie""","""Leszno""",11570,"""Gdańska""",52
235694,"""Śląskie""","""Rybnik""",10541,"""Główna""",35
235085,"""Podkarpackie""","""Przemyśl""",10451,"""Krakowska""",15
662041,"""Łodzkie""","""Skierniewice""",75043,"""Wrocławska""",34
432435,"""Lubuskie""","""Gorzów Wielkopolski""",10541,"""Szeroka""",1
304842,"""Śląskie""","""Jastrzębie-Zdrój""",77016,"""Główna""",35
149803,"""Małopolskie""","""Olkusz""",75115,"""Kopernika""",46
361234,"""Śląskie""","""Rybnik""",10541,"""Słowackiego""",42
582567,"""Lubelskie""","""Lublin""",11050,"""Gdańska""",52
862718,"""Opolskie""","""Opole""",11104,"""Główna""",35
438631,"""Świętokrzyskie""","""Kielce""",14424,"""Rejtana""",98
482103,"""Lubelskie""","""Chełm""",11369,"""Poznańska""",54
670739,"""Mazowieckie""","""Otwock""",13501,"""Długa""",82
878164,"""Zachodniopomorskie""","""Kołobrzeg""",91733,"""Mickiewicza""",22
527999,"""Śląskie""","""Siemianowice Śląskie""",11369,"""Długa""",82
513041,"""Kujawsko-Pomorskie""","""Grudziądz""",91316,"""Poznańska""",54
912964,"""Dolnośląskie""","""Świdnica""",13440,"""Długa""",82
848169,"""Dolnośląskie""","""Wałbrzych""",90274,"""Zielona""",21
313417,"""Zachodniopomorskie""","""Szczecin""",14215,"""Poznańska""",54
658872,"""Mazowieckie""","""Tomaszów Mazowiecki""",77016,"""Piłsudskiego""",16
179013,"""Wielkopolskie""","""Piła""",91740,"""Długa""",82
731835,"""Śląskie""","""Siemianowice Śląskie""",11369,"""Główna""",35
978622,"""Wielkopolskie""","""Poznań""",95820,"""Główna""",35
483714,"""Kujawsko-Pomorskie""","""Toruń""",12901,"""Warszawska""",62
500335,"""Śląskie""","""Zabrze""",77478,"""Stara""",38
614582,"""Podkarpackie""","""Rzeszów""",10583,"""Warszawska""",62
901026,"""Mazowieckie""","""Radom""",75126,"""Rejtana""",98
463184,"""Śląskie""","""Częstochowa""",75604,"""Słowackiego""",42
310589,"""Warmiańsko-mazurskie""","""Elbląg""",90505,"""Warszawska""",62
120517,"""Małopolskie""","""Kraków""",95008,"""Nowa""",69
746447,"""Małopolskie""","""Oświęcim""",75088,"""Długa""",82
422434,"""Śląskie""","""Bytom""",11423,"""Ogrodowa""",33
625729,"""Zachodniopomorskie""","""Świnoujście""",11566,"""Długa""",82
363115,"""Wielkopolskie""","""Leszno""",11570,"""Mickiewicza""",22
429980,"""Małopolskie""","""Kraków""",95008,"""Wrocławska""",34
777901,"""Małopolskie""","""Olkusz""",75115,"""Mickiewicza""",22
798587,"""Zachodniopomorskie""","""Świnoujście""",11566,"""Nowa""",69
385535,"""Dolnośląskie""","""Świdnica""",13440,"""Długa""",82
163967,"""Warmiańsko-mazurskie""","""Olsztyn""",77904,"""Główna""",35
679906,"""Świętokrzyskie""","""Starachowice""",11369,"""Kościuszki""",94
646889,"""Śląskie""","""Bytom""",11423,"""Ogrodowa""",33
858557,"""Małopolskie""","""Olkusz""",75115,"""Rejtana""",98
901971,"""Śląskie""","""Ruda Śląska""",11561,"""Zielona""",21
156233,"""Dolnośląskie""","""Lubin""",13090,"""Długa""",82
873841,"""Warmiańsko-mazurskie""","""Ełk""",11701,"""Ogrodowa""",33
630776,"""Śląskie""","""Jastrzębie-Zdrój""",77016,"""Długa""",82
381573,"""Łódzkie""","""Łódź""",90278,"""Stara""",38
933055,"""Śląskie""","""Jastrzębie-Zdrój""",77016,"""Nowa""",69
887360,"""Mazowieckie""","""Radom""",75126,"""Nowa""",69
219525,"""Mazowieckie""","""Tomaszów Mazowiecki""",77016,"""Zielona""",21
695381,"""Śląskie""","""Jaworzno""",11418,"""Piłsudskiego""",16
540952,"""Kujawsko-Pomorskie""","""Bydgoszcz""",11372,"""Słowackiego""",42
361447,"""Podlaskie""","""Białystok""",10952,"""Zielona""",21
825301,"""Dolnośląskie""","""Świdnica""",13440,"""Zielona""",21
914001,"""Kujawsko-Pomorskie""","""Grudziądz""",91316,"""Warszawska""",62
377153,"""Zachodniopomorskie""","""Koszalin""",11378,"""Krótka""",17
101761,"""Warmiańsko-mazurskie""","""Olsztyn""",77904,"""Piłsudskiego""",16
288114,"""Śląskie""","""Zabrze""",77478,"""Warszawska""",62
745357,"""Dolnośląskie""","""Wrocław""",11553,"""Piłsudskiego""",16
873720,"""Małopolskie""","""Oświęcim""",75088,"""Warszawska""",62
287025,"""Wielkopolskie""","""Kalisz""",11102,"""Długa""",82
553473,"""Podkarpackie""","""Przemyśl""",10451,"""Krakowska""",15
818273,"""Lubelskie""","""Zamość""",94070,"""Szeroka""",1
799502,"""Świętokrzyskie""","""Kielce""",14424,"""Długa""",82
366856,"""Podlaskie""","""Białystok""",10952,"""Mickiewicza""",22
730889,"""Mazowieckie""","""Otwock""",13501,"""Kopernika""",46
423661,"""Lubelskie""","""Lublin""",11050,"""Wrocławska""",34
853925,"""Śląskie""","""Bytom""",11423,"""Kościuszki""",94
830178,"""Podkarpackie""","""Mielec""",77478,"""Wrocławska""",34
220751,"""Małopolskie""","""Zakopane""",95677,"""Krakowska""",15
728130,"""Podkarpackie""","""Mielec""",77478,"""Mickiewicza""",22
714369,"""Małopolskie""","""Tarnów""",13027,"""Warszawska""",62
638002,"""Wielkopolskie""","""Piła""",91740,"""Wrocławska""",34
315170,"""Łodzkie""","""Piotrków Trybunalski""",94580,"""Główna""",35
280589,"""Pomorskie""","""Chojnice""",13090,"""Leśna""",61
711277,"""Zachodniopomorskie""","""Stargard""",11722,"""Zielona""",21
376515,"""Wielkopolskie""","""Konin""",91316,"""Wrocławska""",34
622930,"""Pomorskie""","""Chojnice""",13090,"""Nowa""",69
183504,"""Wielkopolskie""","""Piła""",91740,"""Długa""",82
251192,"""Zachodniopomorskie""","""Stargard""",11722,"""Zielona""",21
872965,"""Dolnośląskie""","""Jelenia Góra""",11714,"""Leśna""",61
573445,"""Śląskie""","""Bytom""",11423,"""Mickiewicza""",22
860688,"""Dolnośląskie""","""Lubin""",13090,"""Długa""",82
982055,"""Śląskie""","""Bytom""",11423,"""Ogrodowa""",33
776822,"""Warmiańsko-mazurskie""","""Olsztyn""",77904,"""Szeroka""",1
291628,"""Lubelskie""","""Zamość""",94070,"""Długa""",82
552385,"""Małopolskie""","""Tarnów""",13027,"""Ogrodowa""",33
628032,"""Wielkopolskie""","""Leszno""",11570,"""Kościuszki""",94
944872,"""Śląskie""","""Dąbrowa Górnicza""",94603,"""Warszawska""",62
570904,"""Małopolskie""","""Olkusz""",75115,"""Nowa""",69
352928,"""Podlaskie""","""Łomża""",76901,"""Krakowska""",15
664854,"""Mazowieckie""","""Płock""",92831,"""Słowackiego""",42
989304,"""Małopolskie""","""Zakopane""",95677,"""Poznańska""",54
599016,"""Podkarpackie""","""Mielec""",77478,"""Krótka""",17
529082,"""Świętokrzyskie""","""Kielce""",14424,"""Gdańska""",52
907613,"""Śląskie""","""Chorzów""",13090,"""Wrocławska""",34
779305,"""Małopolskie""","""Olkusz""",75115,"""Rejtana""",98
324063,"""Warmiańsko-mazurskie""","""Ełk""",11701,"""Warszawska""",62
950897,"""Wielkopolskie""","""Kalisz""",11102,"""Leśna""",61
736630,"""Opolskie""","""Opole""",11104,"""Krakowska""",15
186676,"""Łodzkie""","""Kutno""",95820,"""Ogrodowa""",33
797999,"""Łódzkie""","""Łódź""",90278,"""Zielona""",21
680451,"""Dolnośląskie""","""Świdnica""",13440,"""Ogrodowa""",33
543630,"""Dolnośląskie""","""Wałbrzych""",90274,"""Szeroka""",1
126481,"""Pomorskie""","""Słupsk""",12804,"""Kościuszki""",94
201629,"""Małopolskie""","""Olkusz""",75115,"""Kościuszki""",94
789978,"""Małopolskie""","""Tarnów""",13027,"""Szeroka""",1
996113,"""Dolnośląskie""","""Legnica""",14086,"""Ogrodowa""",33
593814,"""Pomorskie""","""Słupsk""",12804,"""Krótka""",17
890224,"""Mazowieckie""","""Ciechanów""",10451,"""Gdańska""",52
443651,"""Pomorskie""","""Gdynia""",11550,"""Krakowska""",15
355466,"""Lubelskie""","""Lublin""",11050,"""Gdańska""",52
639699,"""Podkarpackie""","""Rzeszów""",10583,"""Długa""",82
852885,"""Kujawsko-Pomorskie""","""Toruń""",12901,"""Zielona""",21
721685,"""Śląskie""","""Tychy""",10562,"""Wrocławska""",34
221740,"""Podkarpackie""","""Przemyśl""",10451,"""Zielona""",21
125381,"""Śląskie""","""Jastrzębie-Zdrój""",77016,"""Zielona""",21
758070,"""Dolnośląskie""","""Wrocław""",11553,"""Długa""",82
363560,"""Łódzkie""","""Łódź""",90278,"""Kościuszki""",94
532107,"""Kujawsko-Pomorskie""","""Bydgoszcz""",11372,"""Mickiewicza""",22
209122,"""Śląskie""","""Katowice""",10950,"""Kopernika""",46
233486,"""Mazowieckie""","""Płock""",92831,"""Krakowska""",15
862193,"""Wielkopolskie""","""Poznań""",95820,"""Słowackiego""",42
562150,"""Lubuskie""","""Zielona Góra""",95301,"""Krakowska""",15
694044,"""Dolnośląskie""","""Lubin""",13090,"""Szeroka""",1
642376,"""Małopolskie""","""Tarnów""",13027,"""Główna""",35
887244,"""Łodzkie""","""Kutno""",95820,"""Kościuszki""",94
616707,"""Pomorskie""","""Gdynia""",11550,"""Kopernika""",46
858422,"""Małopolskie""","""Zakopane""",95677,"""Kościuszki""",94
935221,"""Podkarpackie""","""Mielec""",77478,"""Warszawska""",62
678877,"""Łodzkie""","""Kutno""",95820,"""Kościuszki""",94
438882,"""Pomorskie""","""Gdynia""",11550,"""Kościuszki""",94
390774,"""Zachodniopomorskie""","""Szczecin""",14215,"""Zielona""",21
796232,"""Małopolskie""","""Oświęcim""",75088,"""Krótka""",17
444318,"""Śląskie""","""Rybnik""",10541,"""Mickiewicza""",22
939107,"""Mazowieckie""","""Radom""",75126,"""Główna""",35
990150,"""Kujawsko-Pomorskie""","""Bydgoszcz""",11372,"""Długa""",82
502185,"""Wielkopolskie""","""Poznań""",95820,"""Nowa""",69
371663,"""Śląskie""","""Ruda Śląska""",11561,"""Nowa""",69
947045,"""Śląskie""","""Rybnik""",10541,"""Ogrodowa""",33
560417,"""Pomorskie""","""Gdynia""",11550,"""Piłsudskiego""",16
289479,"""Wielkopolskie""","""Piła""",91740,"""Zielona""",21
197621,"""Śląskie""","""Dąbrowa Górnicza""",94603,"""Mickiewicza""",22
762314,"""Warmiańsko-mazurskie""","""Olsztyn""",77904,"""Zielona""",21
797041,"""Warmiańsko-mazurskie""","""Olsztyn""",77904,"""Szeroka""",1
598916,"""Dolnośląskie""","""Świdnica""",13440,"""Nowa""",69
563551,"""Zachodniopomorskie""","""Świnoujście""",11566,"""Zielona""",21
174369,"""Pomorskie""","""Gdynia""",11550,"""Kościuszki""",94
470912,"""Kujawsko-Pomorskie""","""Grudziądz""",91316,"""Kościuszki""",94
126197,"""Dolnośląskie""","""Świdnica""",13440,"""Zielona""",21
851944,"""Pomorskie""","""Gdańsk""",14450,"""Kopernika""",46
714169,"""Śląskie""","""Chorzów""",13090,"""Mickiewicza""",22
210799,"""Wielkopolskie""","""Piła""",91740,"""Słowackiego""",42
524851,"""Podlaskie""","""Łomża""",76901,"""Kopernika""",46
549702,"""Kujawsko-Pomorskie""","""Włocławek""",11731,"""Mickiewicza""",22
609626,"""Warmiańsko-mazurskie""","""Elbląg""",90505,"""Słowackiego""",42
437051,"""Śląskie""","""Zabrze""",77478,"""Warszawska""",62
577751,"""Pomorskie""","""Chojnice""",13090,"""Zielona""",21
188277,"""Śląskie""","""Rybnik""",10541,"""Krakowska""",15
235985,"""Wielkopolskie""","""Leszno""",11570,"""Szeroka""",1
318308,"""Podkarpackie""","""Rzeszów""",10583,"""Zielona""",21
442037,"""Wielkopolskie""","""Kalisz""",11102,"""Warszawska""",62
761493,"""Śląskie""","""Jaworzno""",11418,"""Zielona""",21
605745,"""Wielkopolskie""","""Piła""",91740,"""Leśna""",61
565397,"""Śląskie""","""Chorzów""",13090,"""Rejtana""",98
884541,"""Śląskie""","""Bielsko-Biała""",11731,"""Gdańska""",52
783957,"""Warmiańsko-mazurskie""","""Ełk""",11701,"""Główna""",35
187185,"""Mazowieckie""","""Radom""",75126,"""Poznańska""",54
356404,"""Wielkopolskie""","""Leszno""",11570,"""Gdańska""",52
881969,"""Małopolskie""","""Zakopane""",95677,"""Nowa""",69
172518,"""Dolnośląskie""","""Legnica""",14086,"""Wrocławska""",34
790845,"""Małopolskie""","""Oświęcim""",75088,"""Kościuszki""",94
253267,"""Zachodniopomorskie""","""Koszalin""",11378,"""Główna""",35
603341,"""Zachodniopomorskie""","""Stargard""",11722,"""Wrocławska""",34
674574,"""Małopolskie""","""Oświęcim""",75088,"""Szeroka""",1
657902,"""Małopolskie""","""Oświęcim""",75088,"""Mickiewicza""",22
252066,"""Podlaskie""","""Suwałki""",14120,"""Zielona""",21
436839,"""Wielkopolskie""","""Kalisz""",11102,"""Nowa""",69
461953,"""Dolnośląskie""","""Lubin""",13090,"""Kościuszki""",94
476990,"""Kujawsko-Pomorskie""","""Inowrocław""",14450,"""Piłsudskiego""",16
462605,"""Dolnośląskie""","""Wrocław""",11553,"""Wrocławska""",34
894613,"""Małopolskie""","""Zakopane""",95677,"""Zielona""",21
399508,"""Kujawsko-Pomorskie""","""Toruń""",12901,"""Zielona""",21
150251,"""Podkarpackie""","""Rzeszów""",10583,"""Nowa""",69
583222,"""Mazowieckie""","""Ostrołęka""",11566,"""Kościuszki""",94
796849,"""Dolnośląskie""","""Lubin""",13090,"""Mickiewicza""",22
629153,"""Pomorskie""","""Gdynia""",11550,"""Krakowska""",15
145530,"""Łodzkie""","""Piotrków Trybunalski""",94580,"""Poznańska""",54
991727,"""Podlaskie""","""Białystok""",10952,"""Leśna""",61
962665,"""Łodzkie""","""Piotrków Trybunalski""",94580,"""Piłsudskiego""",16
520440,"""Śląskie""","""Zabrze""",77478,"""Długa""",82
933114,"""Podlaskie""","""Suwałki""",14120,"""Wrocławska""",34
508981,"""Pomorskie""","""Gdańsk""",14450,"""Mickiewicza""",22
217459,"""Lubelskie""","""Chełm""",11369,"""Długa""",82
837682,"""Lubuskie""","""Zielona Góra""",95301,"""Szeroka""",1
186590,"""Pomorskie""","""Gdynia""",11550,"""Kościuszki""",94
138982,"""Opolskie""","""Opole""",11104,"""Rejtana""",98
520845,"""Śląskie""","""Gliwice""",14127,"""Słowackiego""",42
744840,"""Podkarpackie""","""Rzeszów""",10583,"""Warszawska""",62
805562,"""Wielkopolskie""","""Leszno""",11570,"""Mickiewicza""",22
211068,"""Lubuskie""","""Gorzów Wielkopolski""",10541,"""Poznańska""",54
824879,"""Mazowieckie""","""Tomaszów Mazowiecki""",77016,"""Warszawska""",62
530537,"""Dolnośląskie""","""Wrocław""",11553,"""Kopernika""",46
326352,"""Opolskie""","""Opole""",11104,"""Słowackiego""",42
220731,"""Śląskie""","""Zabrze""",77478,"""Ogrodowa""",33
149832,"""Lubuskie""","""Gorzów Wielkopolski""",10541,"""Poznańska""",54
972971,"""Świętokrzyskie""","""Kielce""",14424,"""Kościuszki""",94
710760,"""Łódzkie""","""Łódź""",90278,"""Wrocławska""",34
342748,"""Mazowieckie""","""Radom""",75126,"""Szeroka""",1
588278,"""Wielkopolskie""","""Konin""",91316,"""Poznańska""",54
167864,"""Pomorskie""","""Gdynia""",11550,"""Krótka""",17
414841,"""Śląskie""","""Tychy""",10562,"""Nowa""",69
971972,"""Pomorskie""","""Gdańsk""",14450,"""Poznańska""",54
292195,"""Śląskie""","""Bielsko-Biała""",11731,"""Krakowska""",15
295806,"""Dolnośląskie""","""Wrocław""",11553,"""Szeroka""",1
721518,"""Kujawsko-Pomorskie""","""Inowrocław""",14450,"""Mickiewicza""",22
482064,"""Wielkopolskie""","""Kalisz""",11102,"""Leśna""",61
333654,"""Podlaskie""","""Łomża""",76901,"""Gdańska""",52
618082,"""Zachodniopomorskie""","""Szczecin""",14215,"""Leśna""",61
546666,"""Łodzkie""","""Piotrków Trybunalski""",94580,"""Długa""",82
438919,"""Opolskie""","""Opole""",11104,"""Zielona""",21
343458,"""Warmiańsko-mazurskie""","""Ełk""",11701,"""Nowa""",69
807652,"""Warmiańsko-mazurskie""","""Olsztyn""",77904,"""Kościuszki""",94
563630,"""Zachodniopomorskie""","""Koszalin""",11378,"""Leśna""",61
561041,"""Śląskie""","""Częstochowa""",75604,"""Kościuszki""",94
536925,"""Śląskie""","""Rybnik""",10541,"""Ogrodowa""",33
826569,"""Podkarpackie""","""Przemyśl""",10451,"""Piłsudskiego""",16
928315,"""Lubelskie""","""Lublin""",11050,"""Główna""",35
775803,"""Kujawsko-Pomorskie""","""Włocławek""",11731,"""Wrocławska""",34
637013,"""Lubuskie""","""Zielona Góra""",95301,"""Słowackiego""",42
564752,"""Śląskie""","""Zabrze""",77478,"""Kopernika""",46
476973,"""Mazowieckie""","""Otwock""",13501,"""Główna""",35
574881,"""Lubelskie""","""Zamość""",94070,"""Długa""",82
130966,"""Śląskie""","""Dąbrowa Górnicza""",94603,"""Słowackiego""",42
626345,"""Śląskie""","""Bytom""",11423,"""Nowa""",69
224842,"""Kujawsko-Pomorskie""","""Toruń""",12901,"""Wrocławska""",34
743988,"""Świętokrzyskie""","""Starachowice""",11369,"""Słowackiego""",42
703952,"""Małopolskie""","""Zakopane""",95677,"""Ogrodowa""",33
286336,"""Pomorskie""","""Gdańsk""",14450,"""Mickiewicza""",22
520182,"""Śląskie""","""Gliwice""",14127,"""Warszawska""",62
260193,"""Podlaskie""","""Łomża""",76901,"""Wrocławska""",34
139846,"""Świętokrzyskie""","""Kielce""",14424,"""Główna""",35
272737,"""Śląskie""","""Jastrzębie-Zdrój""",77016,"""Krótka""",17
233494,"""Wielkopolskie""","""Piła""",91740,"""Ogrodowa""",33
386771,"""Zachodniopomorskie""","""Kołobrzeg""",91733,"""Kopernika""",46
520391,"""Śląskie""","""Chorzów""",13090,"""Długa""",82
859312,"""Świętokrzyskie""","""Kielce""",14424,"""Mickiewicza""",22
831132,"""Śląskie""","""Sosnowiec""",10002,"""Leśna""",61
716729,"""Warmiańsko-mazurskie""","""Olsztyn""",77904,"""Wrocławska""",34
810672,"""Śląskie""","""Gliwice""",14127,"""Główna""",35
811425,"""Lubuskie""","""Zielona Góra""",95301,"""Kopernika""",46
461829,"""Pomorskie""","""Chojnice""",13090,"""Rejtana""",98
329048,"""Dolnośląskie""","""Lubin""",13090,"""Nowa""",69
950650,"""Śląskie""","""Chorzów""",13090,"""Zielona""",21
606897,"""Podlaskie""","""Białystok""",10952,"""Ogrodowa""",33
795366,"""Podkarpackie""","""Mielec""",77478,"""Kopernika""",46
109479,"""Łódzkie""","""Łódź""",90278,"""Długa""",82
129308,"""Dolnośląskie""","""Lubin""",13090,"""Długa""",82
216840,"""Lubuskie""","""Zielona Góra""",95301,"""Kościuszki""",94
205371,"""Wielkopolskie""","""Leszno""",11570,"""Szeroka""",1
865560,"""Wielkopolskie""","""Poznań""",95820,"""Warszawska""",62
859825,"""Małopolskie""","""Tarnów""",13027,"""Zielona""",21
374474,"""Śląskie""","""Jastrzębie-Zdrój""",77016,"""Warszawska""",62
713093,"""Dolnośląskie""","""Lubin""",13090,"""Krakowska""",15
393647,"""Łodzkie""","""Piotrków Trybunalski""",94580,"""Poznańska""",54
153505,"""Łodzkie""","""Skierniewice""",75043,"""Ogrodowa""",33
578455,"""Małopolskie""","""Zakopane""",95677,"""Leśna""",61
400602,"""Wielkopolskie""","""Konin""",91316,"""Długa""",82
147437,"""Małopolskie""","""Nowy Sącz""",11003,"""Piłsudskiego""",16
189103,"""Świętokrzyskie""","""Kielce""",14424,"""Mickiewicza""",22
412025,"""Śląskie""","""Rybnik""",10541,"""Piłsudskiego""",16
597551,"""Śląskie""","""Rybnik""",10541,"""Kościuszki""",94
340941,"""Pomorskie""","""Słupsk""",12804,"""Piłsudskiego""",16
824644,"""Kujawsko-Pomorskie""","""Włocławek""",11731,"""Krakowska""",15
503797,"""Wielkopolskie""","""Poznań""",95820,"""Mickiewicza""",22
866827,"""Lubuskie""","""Gorzów Wielkopolski""",10541,"""Leśna""",61
518362,"""Lubelskie""","""Lublin""",11050,"""Warszawska""",62
378712,"""Pomorskie""","""Gdańsk""",14450,"""Wrocławska""",34
906562,"""Pomorskie""","""Słupsk""",12804,"""Mickiewicza""",22
933509,"""Mazowieckie""","""Płock""",92831,"""Piłsudskiego""",16
367017,"""Wielkopolskie""","""Konin""",91316,"""Długa""",82
788042,"""Podkarpackie""","""Rzeszów""",10583,"""Wrocławska""",34
164438,"""Zachodniopomorskie""","""Stargard""",11722,"""Krótka""",17
454190,"""Łodzkie""","""Skierniewice""",75043,"""Wrocławska""",34
523003,"""Małopolskie""","""Kraków""",95008,"""Ogrodowa""",33
604248,"""Świętokrzyskie""","""Starachowice""",11369,"""Zielona""",21
241004,"""Śląskie""","""Dąbrowa Górnicza""",94603,"""Leśna""",61
818103,"""Zachodniopomorskie""","""Świnoujście""",11566,"""Słowackiego""",42
419912,"""Podlaskie""","""Białystok""",10952,"""Mickiewicza""",22
843943,"""Małopolskie""","""Nowy Sącz""",11003,"""Słowackiego""",42
782035,"""Dolnośląskie""","""Świdnica""",13440,"""Piłsudskiego""",16
748363,"""Podkarpackie""","""Przemyśl""",10451,"""Krótka""",17
698414,"""Warmiańsko-mazurskie""","""Elbląg""",90505,"""Krakowska""",15
760985,"""Pomorskie""","""Gdynia""",11550,"""Leśna""",61
765699,"""Śląskie""","""Sosnowiec""",10002,"""Piłsudskiego""",16
785975,"""Dolnośląskie""","""Wałbrzych""",90274,"""Główna""",35
916913,"""Zachodniopomorskie""","""Świnoujście""",11566,"""Długa""",82
175628,"""Mazowieckie""","""Ostrołęka""",11566,"""Piłsudskiego""",16
449284,"""Lubelskie""","""Zamość""",94070,"""Ogrodowa""",33
686896,"""Łódzkie""","""Łódź""",90278,"""Krakowska""",15
450267,"""Śląskie""","""Zabrze""",77478,"""Kopernika""",46
705169,"""Mazowieckie""","""Radom""",75126,"""Stara""",38
611145,"""Lubelskie""","""Lublin""",11050,"""Nowa""",69
457721,"""Małopolskie""","""Oświęcim""",75088,"""Leśna""",61
129052,"""Lubuskie""","""Gorzów Wielkopolski""",10541,"""Kościuszki""",94
390955,"""Mazowieckie""","""Ostrołęka""",11566,"""Słowackiego""",42
762102,"""Zachodniopomorskie""","""Kołobrzeg""",91733,"""Główna""",35
865685,"""Małopolskie""","""Nowy Sącz""",11003,"""Długa""",82
369521,"""Mazowieckie""","""Radom""",75126,"""Nowa""",69
355621,"""Śląskie""","""Gliwice""",14127,"""Piłsudskiego""",16
981025,"""Podkarpackie""","""Rzeszów""",10583,"""Mickiewicza""",22
818114,"""Mazowieckie""","""Ostrołęka""",11566,"""Krakowska""",15
701500,"""Mazowieckie""","""Ciechanów""",10451,"""Warszawska""",62
501860,"""Lubelskie""","""Lublin""",11050,"""Kopernika""",46
981223,"""Śląskie""","""Jaworzno""",11418,"""Krakowska""",15
171216,"""Kujawsko-Pomorskie""","""Grudziądz""",91316,"""Krótka""",17
336227,"""Warmiańsko-mazurskie""","""Ełk""",11701,"""Długa""",82
267762,"""Śląskie""","""Siemianowice Śląskie""",11369,"""Słowackiego""",42
996083,"""Świętokrzyskie""","""Starachowice""",11369,"""Kościuszki""",94
320460,"""Mazowieckie""","""Otwock""",13501,"""Krótka""",17
605143,"""Zachodniopomorskie""","""Szczecin""",14215,"""Długa""",82
341563,"""Śląskie""","""Rybnik""",10541,"""Kościuszki""",94
554389,"""Pomorskie""","""Gdynia""",11550,"""Ogrodowa""",33
744715,"""Śląskie""","""Chorzów""",13090,"""Stara""",38
845842,"""Kujawsko-Pomorskie""","""Bydgoszcz""",11372,"""Leśna""",61
559408,"""Lubelskie""","""Lublin""",11050,"""Kościuszki""",94
586127,"""Kujawsko-Pomorskie""","""Inowrocław""",14450,"""Gdańska""",52
861909,"""Kujawsko-Pomorskie""","""Włocławek""",11731,"""Zielona""",21
837280,"""Podkarpackie""","""Mielec""",77478,"""Gdańska""",52
300023,"""Dolnośląskie""","""Jelenia Góra""",11714,"""Krakowska""",15
997401,"""Zachodniopomorskie""","""Kołobrzeg""",91733,"""Mickiewicza""",22
329350,"""Śląskie""","""Sosnowiec""",10002,"""Długa""",82
869064,"""Śląskie""","""Katowice""",10950,"""Krakowska""",15
301117,"""Śląskie""","""Siemianowice Śląskie""",11369,"""Szeroka""",1
796199,"""Śląskie""","""Tychy""",10562,"""Leśna""",61
963661,"""Mazowieckie""","""Ostrołęka""",11566,"""Zielona""",21
486495,"""Podkarpackie""","""Mielec""",77478,"""Warszawska""",62
276288,"""Świętokrzyskie""","""Kielce""",14424,"""Rejtana""",98
324588,"""Kujawsko-Pomorskie""","""Grudziądz""",91316,"""Warszawska""",62
362012,"""Łodzkie""","""Piotrków Trybunalski""",94580,"""Wrocławska""",34
813950,"""Podlaskie""","""Łomża""",76901,"""Poznańska""",54
407485,"""Małopolskie""","""Tarnów""",13027,"""Kościuszki""",94
896144,"""Podlaskie""","""Białystok""",10952,"""Szeroka""",1
190427,"""Warmiańsko-mazurskie""","""Elbląg""",90505,"""Długa""",82
172634,"""Śląskie""","""Tychy""",10562,"""Krótka""",17
727040,"""Śląskie""","""Tychy""",10562,"""Szeroka""",1
789226,"""Mazowieckie""","""Ciechanów""",10451,"""Zielona""",21
217095,"""Łodzkie""","""Piotrków Trybunalski""",94580,"""Szeroka""",1
853709,"""Podkarpackie""","""Mielec""",77478,"""Szeroka""",1
882849,"""Podlaskie""","""Łomża""",76901,"""Kościuszki""",94
163537,"""Małopolskie""","""Olkusz""",75115,"""Mickiewicza""",22
794396,"""Wielkopolskie""","""Leszno""",11570,"""Główna""",35
168081,"""Pomorskie""","""Słupsk""",12804,"""Piłsudskiego""",16
891196,"""Dolnośląskie""","""Lubin""",13090,"""Krakowska""",15
795970,"""Zachodniopomorskie""","""Świnoujście""",11566,"""Kościuszki""",94
849258,"""Kujawsko-Pomorskie""","""Grudziądz""",91316,"""Zielona""",21
769662,"""Śląskie""","""Jaworzno""",11418,"""Kościuszki""",94
182034,"""Podlaskie""","""Łomża""",76901,"""Poznańska""",54
576185,"""Śląskie""","""Bytom""",11423,"""Nowa""",69
868433,"""Łodzkie""","""Skierniewice""",75043,"""Szeroka""",1
841999,"""Śląskie""","""Jastrzębie-Zdrój""",77016,"""Długa""",82
895662,"""Warmiańsko-mazurskie""","""Olsztyn""",77904,"""Kościuszki""",94
116113,"""Śląskie""","""Katowice""",10950,"""Główna""",35
743451,"""Śląskie""","""Bielsko-Biała""",11731,"""Leśna""",61
430634,"""Pomorskie""","""Chojnice""",13090,"""Zielona""",21
116760,"""Kujawsko-Pomorskie""","""Grudziądz""",91316,"""Słowackiego""",42
907564,"""Mazowieckie""","""Płock""",92831,"""Kościuszki""",94
536085,"""Małopolskie""","""Tarnów""",13027,"""Gdańska""",52
985987,"""Małopolskie""","""Oświęcim""",75088,"""Wrocławska""",34
226632,"""Śląskie""","""Bielsko-Biała""",11731,"""Główna""",35
226976,"""Wielkopolskie""","""Poznań""",95820,"""Słowackiego""",42
614739,"""Małopolskie""","""Olkusz""",75115,"""Kościuszki""",94
181712,"""Małopolskie""","""Olkusz""",75115,"""Nowa""",69
767145,"""Małopolskie""","""Tarnów""",13027,"""Wrocławska""",34
823128,"""Dolnośląskie""","""Legnica""",14086,"""Nowa""",69
323203,"""Dolnośląskie""","""Wrocław""",11553,"""Szeroka""",1
268769,"""Zachodniopomorskie""","""Kołobrzeg""",91733,"""Kościuszki""",94
100110,"""Wielkopolskie""","""Leszno""",11570,"""Ogrodowa""",33
910589,"""Śląskie""","""Ruda Śląska""",11561,"""Główna""",35